# callgrind format
version: 1
creator: callgrind-3.26.0
pid: 5569
cmd:  ./seis_for_anidados
part: 1


desc: I1 cache: 32768 B, 64 B, 8-way associative
desc: D1 cache: 49152 B, 64 B, 12-way associative
desc: LL cache: 6291456 B, 64 B, 12-way associative

desc: Timerange: Basic block 0 - 216746374
desc: Trigger: Program termination

positions: line
events: Ir Dr Dw I1mr D1mr D1mw ILmr DLmr DLmw
summary: 1524032871 584972321 116022068 3485 18888929 387001 2545 7666 25340


ob=(2) /usr/lib/x86_64-linux-gnu/libc.so.6
fl=(285) ./libio/./libio/iofclose.c
fn=(1856) fclose@@GLIBC_2.2.5
34 24 0 12 6 0 0 2
+14 9 3
+9 3 3
fi=(250) ./libio/./libio/libioP.h
1037 9
+1 6 0 0 2 0 0 1
fe=(285)
57 9 3 3 0 2
cfi=(244) ./libio/./libio/fileops.c
cfn=(1872) _IO_file_finish@@GLIBC_2.2.5
calls=3 202 
* 75 24 6 9 0 0 3
+1 9 3
fi=(250)
963 12 6 0 2 2 0 1
+1 12 3
+6 6 0 3
cob=(4) ???
cfi=(192) ???
cfn=(1876) 0x0000000004b4c3d0
calls=3 0 
* 465 129 75 6 6
fe=(285)
76 21 15
-27 3 0 3 2 0 0 1
cfi=(243) ./libio/./libio/genops.c
cfn=(1858) _IO_un_link
calls=3 +18 
* 312 102 75 35 1 0 11
+2 24 15 0 3 0 0 1
+1 6 0 0 2 0 0 1
fi=(250)
991 6
+1 30 12 6
fe=(285)
51 12 0 6 3 0 0 1
+1 3 3
-1 3
+20 6 3
-18 6 0 3 4 0 0 2
cfi=(244)
cfn=(1862) _IO_file_close_it@@GLIBC_2.2.5
calls=3 +76 
* 318 75 54 35 2 0 12
* 3
fi=(250)
991 9 3
fe=(285)

fl=(227) ./misc/./misc/sbrk.c
fn=(1240) sbrk
37 1780 0 356 2 0 0 1
+6 712 356 0 0 67
+35 399 266
-38 712 712 0 2 138 0 1 1
+18 712
+4 712
+4 223
+1 157
-1 537 0 223
+8 223 0 223 0 0 34
cfi=(228) ./misc/../sysdeps/unix/sysv/linux/brk.c
cfn=(1242) brk
calls=223 -38 
* 2007 446 223 1
* 669 223
+4 669 446 0 1
-10 132
-2 132
+12 1 0 1 1 0 0 1
-19 2 0 1
cfi=(228)
cfn=(1242)
calls=1 -23 
* 9 2 1 1 0 0 1
* 2
+4 136 3 0 2 0 0 1

fl=(203) ./libio/./libio/stdfiles.c
fn=(678) _IO_stdfiles_init
64 1 0 0 1 0 0 1
+3 3 1 0 0 1
-1 2
+3 1 0 1
-1 1
-1 3 1 0 0 1
+2 2 0 2 0 0 1
-1 2
-1 6 2 0 0 2
+3 1 1

fl=(260) ./libio/./libio/iofopen.c
fn=(1628) fopen@@GLIBC_2.2.5
85 21 0 9 3 0 0 1
-20 3
+20 6 0 6
-20 3 0 3
cob=(4)
cfi=(192)
cfn=(1454) 0x0000000004b4c3e0
calls=3 -65 
* 573 123 69 6 13 2
+2 9 0 0 2 0 0 1
+3 3
+2 6
-2 3 0 3 0 0 2
+2 15 0 3
cfi=(243)
cfn=(1630) _IO_no_init
calls=3 589 
* 174 27 90 10 2 8 5 1
+1 3
+1 3
-1 3 0 3 3 0 0 1
+1 3 0 3
cfi=(244)
cfn=(1634) _IO_new_file_init_internal
calls=3 +33 
* 342 99 99 23 6 2 14
+1 15 0 3
cfi=(244)
cfn=(1642) _IO_file_fopen@@GLIBC_2.2.5
calls=3 247 
* 660 156 108 44 8 4 20 3
* 6
-38 6 3
+50 21 18 0 2 0 0 1

fl=(266) ./libio/./libio/vsnprintf.c
fn=(1744) vsnprintf
102 160 0 80 1 0 0 1
fi=(300) ./libio/../include/printf_buffer.h
+22 80
fe=(266)
-22 80
fi=(300)
+22 80
fe=(266)
-22 480 80 160 3 0 0 1
fi=(300)
+35 80
-13 80 0 80 0 0 1
+13 80 0 80
-10 80 0 80
+1 80 0 80
fe=(266)
-65 160
+3 80 0 80
+30 320 0 80 3 0 1 1
cfi=(267) ./stdio-common/./stdio-common/vfprintf-internal.c
cfn=(1746) __printf_buffer
calls=80 601 
* 110886 23816 16434 314 44 31 129 17
-21 240 160
+1 80 0 80
+11 160 0 80
cfi=(282) ./stdio-common/./stdio-common/Xprintf_buffer_done.c
cfn=(1786) __printf_buffer_done
calls=80 -62 
* 1440 400 0 4 0 0 2
+17 480 400

fl=(107) ./debug/../sysdeps/x86_64/multiarch/memset_chk.c
fn=(356) __memset_chk
29 1 0 0 1 0 0 1
fi=(108) ./debug/../sysdeps/x86_64/multiarch/ifunc-memset.h
+32 5 2
+3 3 1
+16 2
+4 4
+8 2 0 0 1 0 0 1
fe=(107)
-63 1 1 0 1 0 0 1
fi=(108)
+71 2 0 0 1 0 0 1
-48 1
+1 2
fe=(107)

fl=(247) ./io/../sysdeps/unix/sysv/linux/write.c
fn=(1462) write
25 14 0 7 3 0 0 1
+1 28
-1 7
+1 21 0 14
cfi=(248) ./nptl/./nptl/cancellation.c
cfn=(1464) __syscall_cancel
calls=7 +48 
* 119 42 7 5 0 0 2
+1 14 14

fl=(123) ./string/../sysdeps/x86_64/multiarch/strchrnul.c
fn=(396) strchrnul
31 1 0 0 1 0 0 1
fi=(88) ./string/../sysdeps/x86_64/multiarch/ifunc-avx2.h
+7 3 2
+2 4
+1 2 1
+1 3 1
+4 4 0 0 1 0 0 1
+3 3
+3 5 1
fe=(123)

fl=(106) ./string/../sysdeps/x86_64/multiarch/strchr.c
fn=(354) index
65 1 0 0 1 0 0 1
-23 2 2
+2 1 1
-1 4
+1 2 0 0 1 0 0 1
+4 4
+3 3
+3 3
+11 1 1

fl=(220) ./string/../sysdeps/x86_64/multiarch/strlen-avx2.S
fn=(900) __strlen_avx2
52 149 0 0 4 0 0 1
+13 149
+1 149
+1 149
+3 149
+2 149
+1 149
+3 149 149 0 0 8 0 0 7
+1 149
+8 149
+1 149
+1 149
+5 298 149

fl=(261) ./nptl/./nptl/libc-cleanup.c
fn=(1638) __libc_cleanup_push_defer
24 8 0 0 4 0 0 1
+1 8 8
+2 16 8 8 1 2 0 1
+2 16 8 0 0 2
+3 16
+14 24 0 8
+2 8 0 8
+1 8 8

fn=(1640) __libc_cleanup_pop_restore
54 8 0 0 4 0 0 1
+1 8 8
+2 16 8 8
+2 16 8
+1 24 8
+11 8 8 0 3 0 0 1

fl=(293) ./nptl/./nptl/pthread_mutex_unlock.c
fn=(1932) pthread_mutex_unlock@@GLIBC_2.2.5
357 1 0 0 1 0 0 1
51 1 1
+1 2
357 3 0 1 1 0 0 1
55 2
+8 1 0 1
-3 1 0 1
-21 1 1
+1 4 1
+1 1 0 1
+27 1
+2 1
359 2 2
72 2 0 0 1 0 0 1
+3 3 2
+3 2 0 1

fl=(211) ./nptl/./nptl/cleanup_compat.c
fn=(794) _pthread_cleanup_pop@@GLIBC_2.34
40 1
+3 2 1 1
+4 2
+2 1 1

fn=(776) _pthread_cleanup_push@@GLIBC_2.34
25 1 0 0 1 0 0 1
+3 1 0 1
+1 1 0 1
+1 2 1 1 0 1
+2 1 0 1 1 0 0 1
+1 1 1

fl=(200) ./misc/./misc/init-misc.c
fn=(670) __init_misc
30 1 0 0 1 0 0 1
+1 5 1
-1 1 0 1
+3 1
-3 3 0 1
+3 3 0 2
cob=(4)
cfi=(192)
cfn=(672) 0x0000000004b4c650
calls=1 -33 
* 24 3 0 3 2 0 3
+4 1 1
+1 1 1
-1 5 1 1 1 0 1 1
+1 3 2 1
+2 2 2

fl=(100) ./wcsmbs/../sysdeps/x86_64/multiarch/wcsncpy.c
fn=(342) wcsncpy
31 1 0 0 1 0 0 1
fi=(101) ./wcsmbs/../sysdeps/x86_64/multiarch/ifunc-wcs.h
+8 2 1
+1 4 1
+1 3 1
+4 2
+3 4
fe=(100)
-17 2 1

fl=(195) ./malloc/./malloc/malloc.c
fn=(1544) _int_free_merge_chunk
4407 138160 0 103620 1 0 19 1
+7 86350 17270 0 1 39 0 1
-6 17270
+9 51810 17270
+5 51810 17270 0 0 125
+4 34540
-1 34540
+1 34540 17270 0 0 39
1895 51810 17270 0 4 24 0 1
4433 34540 17270
+2 17071 17071
+2 17071
+1 68284 17071
+2 17071
-4 17071
+4 17071 0 17071
cfn=(1548) unlink_chunk.isra.0
calls=17071 1592 
* 375361 153572 51213 3 0 0 3
+18 34540 17270
+6 34378 17189 0 1 13453 0 1
+4 17090 0 17090
+4 34378
+9 17078 17078
-1 17078
+2 34156 17078
+2 51234 0 17078 0 0 42
+7 222
+1 444 0 0 2 0 0 1
+1 111 111 0 0 38
+2 222 111 0 0 9
+3 666 0 111
+4 111 0 111
-1 111 0 111
+2 111 0 111
+1 111 0 111 1 0 0 1
+2 333 0 111
+1 111 0 111
-61 111
-1 222
+1 666 666
-1 111
cfn=(1546) _int_free_maybe_trim
calls=111 +83 
* 2664 1110 777 3 0 0 3
+57 17078 0 17078
-1 17078 0 17078
+2 17078 0 17078
+1 17078 0 17078
+2 51234 0 17078
+1 17078 0 17078
-61 17078
-1 34156
+1 102468 102468
-1 17078
cfn=(1546)
calls=17078 +83 
* 517720 203168 119546 0 33
+1 81
-1 162
+1 486 486
-1 81
cfn=(1546)
calls=81 +83 
* 12694 3795 1953 13 155 34 5
+70 81 0 0 2
+1 243 0 81
+1 162 0 81 1
-52 99 0 0 1 0 0 1
+1 99
-1 99 0 99
cfn=(1548)
calls=99 1592 
* 2079 858 297 0 44
+1 99
-49 86350 17270 0 2 8 0 1

fn=(1232) malloc
3283 17548 0 0 5 0 0 1
1269 35096
+19 17548
3287 17548 17548 0 0 40 0 0 1
1288 52644
3287 35096
+2 12456
+2 8304 0 0 3 0 0 1
+2 24912 12456 0 0 67 0 0 4
3030 276
+4 552 138 138 0 128
+4 138 0 138 0 0 2
+1 138 0 138
3294 138 138
+12 17410 0 0 1 0 0 1
cfn=(1234) __libc_malloc2
calls=17410 -59 
* 2332190 412979 300530 128 470 16529 71 1 1382

fn=(1234)
3247 104466 0 52233 2 0 0 1
+4 34822 17411 0 0 1
+28 87055 69644
-26 52233 0 17411 3 0 0 1
cfn=(1236) _int_malloc
calls=17411 3790 
* 1931875 308537 230903 121 474 16530 68 1 1383
+1 87055 17411 0 2 0 0 1
fi=(194) ./malloc/./malloc/arena.c
151 34822
fe=(195)

fn=(1534) free
3319 17546 0 0 1 0 0 1
+3 35092
+15 35092
-4 52638 17546 0 1 326 0 1
+8 52638 17546 0 0 40
+6 12453 8302 0 0 726
+6 4151 4151 0 0 16
-3 8302
+3 4151 4151 0 0 16
-3 4151
+1 8302
+2 12453 4151 0 3 19 0 1 1
3007 275
+8 275
-12 275 0 275
+4 825 275 275 0 15
+1 275 0 275
+7 275 0 275
3354 275 275
+10 11628 0 0 1 0 0 1
-34 17270 0 0 3
+40 34540
fi=(194)
151 51810
fe=(195)
3374 51810
cfn=(1542) _int_free_chunk
calls=17270 4351 
* 2532158 828152 501231 39 14086 95 20
-9 1 0 0 1 0 0 1
cfn=(1536) tcache_free_init
calls=1 -53 
* 312 41 133 4 6 12 4 0 12

fn=(1535) free'2
3319 1
+3 2
+15 2
-4 3 1
+8 3 1
+6 3 2
+6 1 1
-3 2
+3 1 1
-3 1
+1 2
+2 3 1
3007 1
+8 1
-12 1 0 1
+4 3 1 1
+1 1 0 1
+7 1 0 1
3354 1 1

fn=(1546)
4528 189970 17270 120890 1 0 0 1
+3 34540 0 0 3 0 0 1
+2 43052
+3 64449 32289 0 4 39 0 1
+14 188551 154269 0 1 0 0 1
-13 516 387 0 1 0 0 1
+13 903 774 0 1 0 0 1
-13 129
cfn=(1550) systrim.constprop.0
calls=129 2743 
* 10968 3084 1386 5 149 34 2

fn=(1244) alloc_perturb
1887 463 0 0 2 0 0 1
+1 1389 463
+2 463 463

fn=(1536)
3312 1 0 1 1 0 0 1
2941 1 1
3312 2 0 1
2941 1
3312 2 0 1
2941 1 0 1
3210 2 1 0 0 1
+8 2 0 1 1 0 0 1
cfn=(1234)
calls=1 +29 
* 138 24 17 0 5 1 0 0 1
* 3 1 1
+2 2
fi=(257) ./malloc/../string/bits/string_fortified.h
59 104 0 96 1 0 11 1 0 11
fe=(195)
3228 2 1
+1 13 1 10 1 0 0 1
+85 1
+1 3 3
-1 1
cfn=(1535)
calls=1 +5 
* 33 9 4

fn=(1236)
3790 139288 0 104466 3 0 39 1
+32 34822
1288 104466
3831 34822
+16 34822 0 0 1 0 0 1
+54 66985
+18 17410
-1 17410
+12 34820 17410 0 0 40
-11 34820
-1 52230 17410 17410 1 0 0 1
+12 34820
-6 357 0 357 0 0 2
+5 357
-7 357
+2 714 0 357
+9 714 357
+3 714
+1 1071 357
-3 357 0 0 2 0 0 1
+5 357 357 0 0 1
+1 1428
+2 1428 357
-10 357 357
+12 714 357
+1 714 357 0 2 0 0 1
+2 714
+11 1428
+29 8 0 8
+1 8 0 8
+4 16
+31 16
+8 44 0 0 2 0 0 1
+1 3
+1 3 3 0 0 3
-1 3
+4 6
-4 5
+1 5 5 0 0 5
-1 5
+4 10
+50 100 0 0 1 0 0 1
+9 50
-9 200 0 50 1 0 0 1
+1 50 0 50
+1 50 0 50
+1 50 0 50 0 0 6
+1 50 0 50
+6 100
3053 1 1 0 1 0 0 1
-27 1
+27 1 1
-27 1 1
+4 2
+4 4 1 1
+4 1 0 1
+1 1 0 1
4113 1
3850 4014 0 0 1 0 0 1
+2 4014 4014 0 0 35
-2 4014
+2 8028
+2 1 1
+1 2 1 0 1 1 0 1
+2 1 0 1 0 0 1
+1 1 0 1
+1 1 0 1
+2 4
+6 3
+1 2 1 0 1 0 0 1
2919 2 2
3872 3
+4 23 7
+1 12
+2 10 0 0 1 0 0 1
+2 5 5
+1 5 0 5 0 0 4
+1 10
+2 5 0 5
2999 5
+16 5
3886 5 0 5 0 0 4
3003 10 5 5
+4 20 5 5
+1 5 0 5
+7 5 0 5
+32 7
1888 1 1
3893 1
1888 2
4340 156699 121877 0 4 0 0 1
3901 4052 0 0 3 0 0 2
-52 24084 0 0 1
4105 150
3930 153 51
4111 204 102
+13 17103 0 0 1 0 0 1
-2 34206 0 0 2 0 0 1
+2 26794
+3 13397 13397 0 0 51
-3 13397
+3 26794
4277 10 0 5 1 0 1 1
+3 40 0 5
+2 15 0 5 0 0 2
+1 5 0 5
1888 5 5
4286 5
1888 10 0 0 1 0 0 1
4280 312 0 39 1
+2 117 0 39 0 0 10
+1 39 0 39
1888 39 39
4286 39
1888 81 3 0 1
4286 3
1888 6
3994 1 0 0 1 0 0 1
+1 1
-1 1 0 1
+1 2
2919 2 2 0 1 0 0 1
3998 3
+4 2 1
+1 3 1
3003 1 1
3981 1
3015 1
4006 1
3003 1 0 1
+4 4 1 1
+1 1 0 1
+7 1 0 1
4007 1
+24 55 0 0 2 0 0 2
+52 8 0 0 2 0 0 1
-51 8
+51 24 0 8
3959 714 357 0 2 0 0 1
+2 349
-1 698
+27 43 0 43
+1 43 0 43
+4 86
+31 210 0 0 2 0 0 1
+2 84
+1 126
+1 42 42 0 0 10
-1 42
+1 42
+4 18 0 0 1 0 0 1
4195 17103 0 0 1 0 0 1
+1 17103
+1 17103
-1 17103 0 0 2 0 0 1
+1 17103
+1 34206 17103 0 0 40
+1 51309
+5 68524
+16 869
+2 1738
-4 1922
+8 92 92 0 0 10
+3 184
+2 45
+1 45
+1 45
-2 180 0 45
-27 45
+4 51240 0 0 1 0 0 1
+3 68284 17071 0 2 0 0 1
-3 51171
+3 14644 3661
-3 10953
+3 1136 284
-3 568
4308 34112 17056 17056 3 0 0 1
+1 51168 17056 17056 0 13
+2 34112 17056
+3 68224 0 17056 0 0 39
+5 16899 0 0 2 0 0 1
-2 16899 16899
+2 33798
-2 16899
+7 16899
-8 16899
+3 16899
+2 16899
-3 16899 0 16899
+1 67596 0 16899
+2 16899 0 16899 0 0 15917 0 0 1370
1888 50697 16899 0 1 39
2324 157 157 0 2 32 0 1
+12 157 157 0 0 33
-12 314 157 157 0 32
+12 157
4336 471 0 157 1 0 0 1
cfn=(1244)
calls=157 1887 
* 785 314 0 1 0 0 1
* 157
4208 24
+5 96 0 0 1 0 0 1
+1 48
+24 94 47 0 1 10
+3 94
+2 47
+3 94 0 47 0 0 3
-3 188 0 141
+3 47 0 47 0 0 2
cfn=(1548)
calls=47 1592 
* 989 416 157 4 15
+3 282 188 0 2 0 0 1
+15 44 44
+1 88 44
+3 88
-9 44
+9 88 0 44 0 0 42
+1 44 0 44
+1 44 0 44 2
+3 88
+1 44 0 44
+1 93
2325 157 0 0 1 0 0 1
+36 628 314
+1 157
-1 157 0 157
+1 157 0 157
+9 1564 468 0 2 0 0 1
+6 468 312
+3 628 0 0 2 0 0 1
2698 471 314 0 2 0 0 1
+1 14 0 14
+4 14 14 0 1 0 0 1
+1 28 14
+3 28 14
-4 143 143 0 1
+1 286 143
+3 286 143
+5 314
-2 157
+2 157
-3 157
+2 157 0 157
+4 157
-3 157
+1 157
-1 471 0 157
+1 157 0 157 2 0 151 1 0 12
4335 157
-83 3 0 0 1
-1 3 0 3
+1 6
2441 314 157 0 2 0 0 1
+8 314 157
+1 157 157
+10 314 157
+7 628 157 0 2 0 0 1
+8 314
+57 4 1 0 2 0 0 2
+40 1
-12 1
+12 2
+19 1 1 0 1 0 0 1
+4 1 1
-1 2
+1 6
+2 2
+1 4 0 3
cfi=(226) ./malloc/./malloc/morecore.c
cfn=(1238) __glibc_morecore
calls=1 25 
* 26 8 3
+12 3 2 0 1 0 0 1
-12 1
+12 1
1912 2 1
2650 1 0 0 1 0 0 1
+3 1
-1 1 0 1
+1 4 0 1 0 0 1 0 0 1
+12 1 1 0 1 0 0 1
-11 1 0 1
+11 2
3965 306 0 0 2 0 0 1
-1 612 306 0 2 0 0 1
+3 306
-1 306 0 306
+1 612 0 306
+1 918 0 306 0 0 154
+1 612
+2 590 0 295 0 0 39
+4 295
+6 295
-6 2065 0 295 1 0 0 1
+2 885 0 295 0 0 48
+5 295
-4 295 0 295
+4 590 0 295
cfn=(1244)
calls=295 1887 
* 1475 590
-7 11
+6 11
-6 77 0 11 1
+2 33 0 11 0 0 3
+5 11
-4 11 0 11
+4 22 0 11
cfn=(1244)
calls=11 1887 
* 55 22 0 1
+1 306
2477 628 0 471 2 0 0 1
cfi=(226)
cfn=(1238)
calls=157 25 
* 6926 1732 945 12 104 62 7 1
+1 471 314
-1 157 0 0 2 0 0 1
+1 157
1912 314 157
2480 157 0 0 3 0 0 1
+3 314
+38 627 157
+2 312 156
+6 156
-6 156 0 156
+6 468 156 0 1
-6 2 1
+6 1
-6 1 0 1
+6 315 1 0 1 0 0 1
+1 936 312 156
-8 2 0 1 1 0 0 1
1921 2 1

fn=(1542)
4351 69080 0 34540 4 0 0 1
+8 17270 17270 0 0 40
-3 17270 17270
+3 17270 17270 0 0 40
-3 34540
+6 34540 17270 0 0 39
+6 17270 0 17270
cfn=(1544)
calls=17270 +39 
* 2238568 689992 432151 35 13967 95 19
+5 34540 17270 17270
+27 51810 51810

fn=(1550)
2743 387 258
+2 129
+1 258
+4 129 129
+1 129 0 0 2 0 0 1
-1 258
+3 516 258 0 0 47
+2 258
-8 63
+48 63 63
-61 66 0 66
+28 66
-28 132
+28 198 0 198
cfi=(226)
cfn=(1238)
calls=66 25 
* 1716 528 198 0 102
* 66
+1 264 132 0 2 0 0 1
+12 264 66 132
cfi=(226)
cfn=(1238)
calls=66 25 
* 3102 726 396 1 0 34
+1 132 0 66
cfi=(226)
cfn=(1238)
calls=66 25 
* 1716 528 198
+2 132 66
+2 132
+4 264 132
+4 132 66
-1 66 0 66
+1 132 0 66
+2 66
+5 132 132

fn=(1548)
1592 17217 0 17217 1 0 0 1
+2 51651 17217
-2 17217
+2 34434 17217 0 3 11 0 1
+3 17217 17217 0 0 9
+3 34434 17217 0 0 25
-2 17217 17217
+2 34434 17217 0 0 14
+3 17217 0 17217
+1 17217 0 17217
+1 85668 17078
+2 16 8
+1 24 16
+3 16 8
+14 8 0 8
+1 8 0 8
+3 34434 34434 0 3 0 0 1

fl=(222) ./stdlib/./stdlib/cxa_atexit.c
fn=(1170) __cxa_atexit
67 35 0 20 2 0 0 2
-26 10
+2 40 0 5 0 0 1
+1 10 0 5
cfn=(1172) __new_exitfn
calls=5 +36 
* 162 30 21 4 2 0 4 1
+2 10
+6 5 5 0 1 0 0 1
+5 5
-3 5 0 5 0 0 3 0 0 2
+1 5 0 5
-3 5
+4 5 0 5
-4 5
+1 5 0 5
+4 20 5 5
+1 5
+11 30 25

fn=(1172)
80 5 0 0 1 0 0 1
+6 10 5 0 0 1 0 0 1
-6 20 0 5
+11 5 5 0 0 1
-10 5
+10 20
+2 10 5
+1 16 4
-1 10 0 0 1 0 0 1
-2 1 1
+10 1 0 1
-10 3
+13 8
+25 4
+1 8 0 4
-1 8
+7 4 0 4
+5 4
-4 4 0 4
+4 8 8
-5 1 0 1
+5 1
-4 1 0 1
+4 2 2
-18 1 0 1 1 0 0 1
-1 1 0 0 1 0 0 1
+12 1

fl=(242) ./libio/./libio/putc.c
fn=(1440) putc
25 28 0 12 2 0 0 1
+3 8 4 0 0 2
+1 16 8 0 2 2 0 1 1
+5 4 0 0 2 0 0 1
-5 4
+5 12 12
-5 4
cfi=(243)
cfn=(1442) __overflow
calls=4 225 
* 990 234 144 45 8 3 32 1 1

fl=(91) ./wcsmbs/../sysdeps/x86_64/multiarch/wcsnlen.c
fn=(318) wcsnlen
30 1 0 0 1 0 0 1
fi=(92) ./wcsmbs/../sysdeps/x86_64/multiarch/ifunc-wcslen.h
+10 1 1
+1 4 1 0 1 0 0 1
+1 3 1
+4 4 1 0 1 0 0 1
+3 3 1
+3 3
fe=(91)
-22 1 1

fl=(273) ./stdlib/../sysdeps/x86_64/lshift.S
fn=(1764) __mpn_lshift
28 80 0 0 3 0 0 1
+1 80
+1 80
+2 80
+1 80
+1 80
+12 80
+1 80
+1 80 80
+1 80
+1 80 0 0 3 0 0 1
+1 80
+1 80
+6 80
+1 80 0 80
+1 80 80

fl=(111) ./string/../sysdeps/x86_64/multiarch/stpncpy.c
fn=(378) strcasecmp
31 1
fi=(116) ./string/../sysdeps/x86_64/multiarch/ifunc-strcasecmp.h
+5 1 1
+1 4 1
fi=(117) ./string/../sysdeps/x86_64/multiarch/strcasecmp.c
-6 2 1
fi=(116)
+7 3 1 0 1 0 0 1
+4 4 1 0 1 0 0 1
+3 3 1
+3 4
fe=(111)

fn=(368) stpncpy
31 1 0 0 1 0 0 1
fi=(112) ./string/../sysdeps/x86_64/multiarch/ifunc-strncpy.h
+4 5 2
+1 3 1
+4 4
+3 3
+3 5 1 0 1 0 0 1
fe=(111)

fl=(90) ./string/../sysdeps/x86_64/multiarch/strcmp.c
fn=(316) strcmp
79 1 0 0 1 0 0 1
-32 1 1
+1 1 1
+1 1 1
-1 3
+1 2 0 0 1 0 0 1
+4 4 1
+3 3 1
+3 3
+20 1 1 0 1 0 0 1

fl=(104) ./wcsmbs/../sysdeps/x86_64/multiarch/wcschr.c
fn=(350) wcschr
31 2 0 0 1 0 0 1
fi=(105) ./wcsmbs/../sysdeps/x86_64/multiarch/ifunc-avx2.h
+7 6 4
+2 8
+1 4 2 0 1 0 0 1
+1 6 2
+4 8
+3 6
+3 10 2
fe=(104)

fl=(113) ./wcsmbs/../sysdeps/x86_64/multiarch/wmemchr.c
fn=(372) wmemchr
31 2 0 0 1 0 0 1
fi=(114) ./wcsmbs/../sysdeps/x86_64/multiarch/ifunc-evex.h
+6 6 4
+1 8
+1 6 2 0 1 0 0 1
+4 4
+8 6
+3 8
fe=(113)
-23 2 2

fl=(219) ./wctype/./wctype/wctype_l.c
fn=(896) wctype_l
26 80 0 50 1 0 0 1
+7 10
-7 30 0 10
+3 10 0 10
cob=(4)
cfi=(192)
cfn=(898) 0x0000000004b4c4f0
calls=10 -29 
* 160 30 0 2 4 0 2 3
* 10
+3 30 20 10 0 1
+1 10
+7 48
+1 96 48
-8 48
+2 96 0 48
cob=(4)
cfi=(192)
cfn=(898)
calls=48 -35 
* 768 144 0 0 1 0 0 1
* 20 0 10 1 0 0 1
cob=(4)
cfi=(192)
cfn=(898)
calls=10 -35 
* 160 30 0 0 1 0 0 1
* 58
+2 312 0 49
cob=(4)
cfi=(192)
cfn=(902) 0x0000000004b4c570
calls=49 -37 
* 1146 274 0 4 1 0 4
* 98
+8 20 20 0 0 1
+1 10 10 0 0 2
+1 80 70 0 1 0 0 1

fl=(223) ./stdlib/./stdlib/secure-getenv.c
fn=(1214) secure_getenv
28 1 0 0 1 0 0 1
+1 5 2 0 1 2 0 1
cfi=(224) ./stdlib/./stdlib/getenv.c
cfn=(1216) getenv
calls=1 -4 
* 321 115 9 7 22 0 7 2

fl=(196) ???
fn=(636) __popcountdi2
0 21 1 0 2 0 0 2

fl=(268) ./stdio-common/./stdio-common/Xprintf_buffer_write.c
fn=(1752) __printf_buffer_write
27 240 0 0 1 0 0 1
+1 720 240
-1 1680 0 1200 0 0 2
+4 640 0 0 1 0 0 1
+2 160 80
+3 80
fi=(301) ./stdio-common/../string/bits/string_fortified.h
-7 80
fe=(268)
+8 160
fi=(301)
-8 80
fe=(268)
+12 80
fi=(301)
-12 80 0 80
cob=(4)
cfi=(192)
cfn=(1784) 0x0000000004b4c6a0
calls=80 -29 
* 1236 320 160 3 0 0 1
fe=(268)
+11 240 80 80
-9 160
+2 240 80 0 3 0 0 1
+11 1440 1440 0 2 0 0 1

fl=(142) ./string/../sysdeps/x86_64/multiarch/mempcpy.c
fn=(454) mempcpy
33 1 0 0 1 0 0 1
fi=(103) ./string/../sysdeps/x86_64/multiarch/ifunc-memmove.h
+23 3 2
+1 2
+3 3 1
+14 2 0 0 1 0 0 1
+3 2 0 0 1 0 0 1
+8 2
+8 2
+3 5 1 0 1 0 0 1
fe=(142)

fl=(194)
fn=(632) __ptmalloc_init
251 2 0 1 1 0 0 1
fi=(302) ./malloc/../sysdeps/unix/sysv/linux/not-cancel.h
96 3
fe=(194)
251 4 0 2
fi=(302)
96 4 1 1 1 0 0 1
fi=(195)
2960 2
+14 1 0 0 1 0 0 1
+2 2
-1 1 0 1
cfi=(196)
cfn=(636)
calls=1 0 
* 21 1 0 2 0 0 2
+1 3
fe=(194)
275 2 1
+13 4 1 1 1 1 0 1
fi=(195)
1853 4
+3 1
-3 1
+3 2 0 1 0 0 1 0 0 1
-3 2
+3 126
-3 126
+3 252 0 126 0 0 32 0 0 31
-3 252
+11 1
fe=(194)
292 3 0 0 1 0 0 1
fi=(195)
1864 1 0 1
fe=(194)
292 1 0 1
cob=(4)
cfi=(192)
cfn=(628) 0x0000000004b4c710
calls=1 0 
* 19 5 1 0 2 0 0 1
+1 4 0 1
cob=(4)
cfi=(192)
cfn=(628)
calls=1 0 
* 20 5 1 0 2 0 0 1
+1 4 0 1 1 0 0 1
cob=(4)
cfi=(192)
cfn=(628)
calls=1 0 
* 19 5 1 0 1
+1 4 0 1
cob=(4)
cfi=(192)
cfn=(628)
calls=1 0 
* 19 5 1 0 2 0 0 1
+1 4 0 1
cob=(4)
cfi=(192)
cfn=(628)
calls=1 0 
* 20 5 1 0 2 0 0 1
+1 4 0 1 1 0 0 1
cob=(4)
cfi=(192)
cfn=(628)
calls=1 0 
* 19 5 1 0 2 0 0 1
+1 4 0 1
cob=(4)
cfi=(192)
cfn=(628)
calls=1 0 
* 19 5 1 0 2 0 0 1
+2 4 0 1
cob=(4)
cfi=(192)
cfn=(628)
calls=1 0 
* 19 5 1 0 2 0 0 2
+1 4 0 1
cob=(4)
cfi=(192)
cfn=(628)
calls=1 0 
* 19 5 1 0 2 0 0 2
+1 4 0 1 1 0 0 1
cob=(4)
cfi=(192)
cfn=(628)
calls=1 0 
* 19 5 1 0 2 0 0 2
+3 4 0 1
cob=(4)
cfi=(192)
cfn=(628)
calls=1 0 
* 19 5 1 0 2 0 0 2
+2 4 1 0 0 1 0 0 1
+10 8 6
fi=(195)
2974 2 1 0 1 1 0 1 1
fe=(194)

fl=(95) ./wcsmbs/../sysdeps/x86_64/multiarch/wcslen.c
fn=(326) wcslen
29 1 0 0 1 0 0 1
fi=(92)
+11 1 1
+1 4 1 0 1 0 0 1
+1 3 1
+4 4 1 0 1 0 0 1
+3 3 1
+3 3
fe=(95)
-23 1 1

fl=(110) ./wcsmbs/../sysdeps/x86_64/multiarch/wcscmp.c
fn=(364) wcscmp
30 1 0 0 1 0 0 1
fi=(105)
+8 3 2 0 1 0 0 1
+2 4
+1 2 1
+1 3 1
+4 4
+3 3 0 0 1 0 0 1
+3 5 1
fe=(110)

fl=(140) ./string/../sysdeps/x86_64/multiarch/strspn.c
fn=(448) strspn
29 1 0 0 1 0 0 1
fi=(303) ./string/../sysdeps/x86_64/multiarch/ifunc-sse4_2.h
+7 5 2 0 1 0 0 1
fe=(140)
-7 1 1

fl=(224)
fn=(1216)
25 10 0 6 1 0 0 1
+4 1 1 0 0 1
+13 2 2
+1 4 1 0 0 1 0 0 1
+3 2 0 1 1 0 0 1
cob=(4)
cfi=(192)
cfn=(898)
calls=1 -46 
* 16 3 0 0 1 0 0 1
* 1
+1 30
+2 29 29 0 0 4
+1 58
-1 1 1 0 0 1
+1 2
+5 87 58 0 0 11
+1 8 0 2 1 0 0 1
cob=(4)
cfi=(192)
cfn=(1218) 0x0000000004b4c5f0
calls=2 -56 
* 54 12 0 3 3 0 3
* 4
+13 3 1
+85 1
44 1
154 7 7 0 1 0 0 1

fl=(263) ./string/../string/strstr.c
fn=(1648) __GI_strstr
77 27 0 18 2 0 0 1
+5 3 3 0 0 2 0 0 1
-5 12 3 6 0 0 1
+5 6
+2 12 0 3 2 0 1 1
cob=(4)
cfi=(192)
cfn=(1650) 0x0000000004b4c670
calls=3 -84 
* 69 12 0 5 4 0 2 1
* 3
+1 6
-40 3 0 0 3 0 0 1
161 36 27

fl=(218) ./iconv/./iconv/gconv_simple.c
fn=(884) __gconv_btwoc_ascii
49 128 0 0 1 0 0 1
+2 512
+3 128 128

fl=(256) ./time/../sysdeps/unix/sysv/linux/clock_gettime.c
fn=(1514) clock_gettime@@GLIBC_2.17
30 80 0 0 2 0 0 1
+8 160 160 0 2 128 0 1
+2 160
+28 160
+1 160
-25 160 80

fl=(115) ./string/../sysdeps/x86_64/multiarch/strncmp.c
fn=(376) strncmp
67 1 0 0 1 0 0 1
-24 1 1
+1 4 1
+23 2 1
-22 3 1 0 1 0 0 1
+4 4 1 0 1 0 0 1
+3 3 1
+3 4

fl=(212) ./locale/./locale/newlocale.c
fn=(792) newlocale
43 13 1 7 2 0 0 2
+12 2
277 12 9 0 1 0 0 1
63 2 0 0 1 0 0 1
+3 1
-10 1
+10 2
+7 2 1
+2 1 0 0 1 0 0 1
-2 2 1

fl=(216) ./wcsmbs/./wcsmbs/btowc.c
fn=(880) btowc
32 1280 0 512 1 0 0 1
+5 2304 256 256
+5 512 0 0 1 0 0 1
+4 384 384 0 0 1
fi=(304) ./wcsmbs/./wcsmbsload.h
+23 128 128 0 0 1
+1 384 128 0 0 1
fe=(216)
-23 256 256 0 0 2
+1 256 128 0 0 1
+4 512 128 0 1 0 0 1
+3 640 0 512
cfi=(217) ./elf/./elf/libc-dl-profstub.c
cfn=(882) _dl_mcount_wrapper_check
calls=128 -15 
* 640 384 0 1 0 0 1
* 896 768
+39 256 256
-39 128
cfi=(218)
cfn=(884)
calls=128 -6 
* 768 128 0 1 0 0 1
+39 768 640 0 1 0 0 1

fl=(275) ./stdlib/../sysdeps/x86_64/mul_1.S
fn=(1768) __mpn_mul_1
31 632 0 0 3 0 0 1
+1 632 0 632
+3 632
+1 632 632
+1 632
+1 632
+1 632
+2 632
+1 632
+2 632
+1 632
+1 632
+1 632
+1 560
+2 560
+1 560
+1 560 0 560
+1 560
+26 72 0 0 3 0 0 1
+1 72
+1 72
+1 72
+1 72
+1 72
+1 72 72
+1 72
+1 72
+26 72 0 0 3 0 0 1
+1 72
+1 72 0 0 3 0 0 1
+2 72 0 72
+1 72
+1 72
+1 72 0 72
+1 72
+1 72
+2 72 72
+3 72 72
-5 560
+2 560 560
+3 560 560

fl=(188) ./ctype/./ctype/ctype-info.c
fn=(620) __ctype_init
37 1 0 0 1 0 0 1
+2 7 5 1 1 4 0 1
+2 4 2 1 0 2
+2 1 1
-1 1 1
+1 1
-1 1 0 1
+2 1 1

fl=(225) ./string/../sysdeps/x86_64/multiarch/strcmp-avx2.S
fn=(1220) __strncmp_avx2
206 2 0 0 1 0 0 1
+24 2
+5 2
+14 2
+25 2
+1 2
+1 2
+2 2
+1 2 0 0 1 0 0 1
+4 2 2
+4 2 2 0 0 2
+2 2
+2 2
+3 2
+2 2
+1 2
+11 2
+10 2 2
+1 2 2
+3 2
+4 4 2
+5 2
+1 2
+1 2

fl=(234) ./setjmp/./setjmp/sigjmp.c
fn=(1390) __sigjmp_save
28 1
+2 2
-1 1 0 1
+5 2 1

fl=(254) ./stdlib/./stdlib/random_r.c
fn=(1508) random_r
371 1948000 0 0 2 0 0 1
+3 7792000
+5 1948000 1948000 0 0 39
-2 1948000 1948000
+2 3896000
+9 1948000 1948000 0 2 0 0 1
+1 1948000 1948000
+1 1948000 1948000 0 0 40
+5 3896000 3896000 0 0 120 0 0 2
+4 1948000
+4 1948000
fi=(305) ./stdlib/../string/bits/string_fortified.h
29 1948000 0 1948000
fe=(254)
398 3896000 0 1948000
+2 3896000
+8 3770324
-9 1885162
+12 1885162 0 1885162
+3 1885162
-2 1885162 0 1885162
+7 1885162 1885162
-8 62838 0 62838
+3 62838
-2 62838 0 62838
+7 62838 62838
-10 125676 0 0 2 0 0 1

fl=(109) ./string/../sysdeps/x86_64/multiarch/strrchr.c
fn=(360) rindex
28 1
fi=(88)
+10 3 2 0 1 0 0 1
+2 4
+1 2 1
+1 3 1
+4 4
+3 3 0 0 1 0 0 1
+3 5 1
fe=(109)

fl=(245) ./libio/./libio/filedoalloc.c
fn=(1448) _IO_file_doallocate
68 6 0 3 1 0 0 1
+6 1 1
-6 3 1 1
+6 3 1
fi=(250)
1037 3 0 0 1 0 0 1
+1 2
fe=(245)
74 3 1 1 0 1
cfi=(244)
cfn=(1450) _IO_file_stat
calls=1 1207 
* 9 2 0 2 0 0 2
* 2
+2 4 1
+15 2 0 1 1 0 0 1
cob=(4)
cfi=(192)
cfn=(1454)
calls=1 -91 
* 154 28 17 1 2 1 1 1 1
+1 2
+2 5 0 1
cfi=(243)
cfn=(1456) _IO_setb
calls=1 355 
* 19 4 4 1 0 0 1
+1 1
+1 8 6
-15 1 1 0 1 0 0 1
fi=(306) ./libio/../include/sys/sysmacros.h
-34 6 0 0 1 0 0 1
fe=(245)
+34 1
-2 2
+8 1 1
-3 1 0 1
+3 4

fl=(102) ./string/../sysdeps/x86_64/multiarch/memcpy.c
fn=(346) memcpy@@GLIBC_2.14
29 3 0 0 2 0 0 1
fi=(103)
+27 9 6
+1 6
+3 9 3 0 0 1
+14 6 0 0 2 0 0 1
+3 6 0 0 2 0 0 1
+8 6
+8 6
+3 15 3 0 2 0 0 1
fe=(102)

fl=(217)
fn=(882)
40 128 0 0 1 0 0 1
+1 384 256
+1 128 128

fl=(295) ./stdlib/./stdlib/cxa_finalize.c
fn=(1944) __cxa_finalize
45 10 0 5 1 0 0 1
+3 10
-3 40 0 25
+3 25 0 5 1 0 0 1
+3 20 5
+4 78 5 0 1 0 0 1
+1 48 24 0 0 1
+2 4 4
+2 4 4
+36 4
-5 4 0 4
-33 4 0 4
+35 12 8 0 1 0 0 1
+3 12 4 4
+1 12 0 4
cob=(7) /usr/lib/x86_64-linux-gnu/libstdc++.so.6.0.35
cfi=(206) ???
cfn=(2002) std::ios_base::Init::~Init()
calls=1 -97 
* 6165 2161 1039 44 120 2 26 10
cob=(7)
cfi=(206)
cfn=(1998) 0x00000000001e80b0
calls=1 -97 
* 5 2 0 1 1 0 1 1
cob=(7)
cfi=(206)
cfn=(1996) 0x00000000000c11e0
calls=1 -97 
* 8 2 1 1 0 0 1
cob=(7)
cfi=(206)
cfn=(1988) 0x00000000000c1190
calls=1 -97 
* 802 266 142 43 30 5 2
+1 16 0 4
+4 12 8
-47 13
-4 15 5 0 1 0 0 1
+57 20 5 0 0 1
+4 30 5 0 1 1 0 1
-4 15 5
+12 10 0 5 1 0 0 1
cfi=(296) ./posix/./posix/register-atfork.c
cfn=(1946) __unregister_atfork
calls=5 -38 
* 90 20 15 2 1 1 2 1 1
+1 20 5 5
+1 40 35

fl=(262) ./io/../sysdeps/unix/sysv/linux/open64.c
fn=(1646) open
30 27 3 9 2 0 1 1
+3 6
+8 24 0 6 2 0 1 1
cfi=(248)
cfn=(1464)
calls=3 +33 
* 51 18 3
+2 15 12
-7 6 0 3 3 0 0 1
+5 3 3
-5 9 0 6
+2 3

fl=(130) ./wcsmbs/../sysdeps/x86_64/multiarch/wcscat.c
fn=(416) wcscat
31 1 0 0 1 0 0 1
fi=(101)
+8 2 1
+1 4 1 0 1 0 0 1
+1 3 1
+4 2
+3 4
fe=(130)
-17 2 1

fl=(119) ./wcsmbs/../sysdeps/x86_64/multiarch/wcscpy.c
fn=(386) wcscpy
60 1 0 0 1 0 0 1
-18 2 2
+1 4
+1 3 1 0 1 0 0 1
+3 3
+3 3
+10 1 1

fl=(231) ./csu/../sysdeps/nptl/libc_start_call_main.h
fn=(1384) (below main)
30 6 0 4 1 0 0 1
+15 4 1 2
cfi=(232) ./setjmp/../sysdeps/x86_64/bsd-_setjmp.S
cfn=(1386) _setjmp
calls=1 -17 
* 31 6 9 4 1 0 4
* 1
+2 2
+5 2 1 1 1 1 0 1
+1 2 1 1 0 1
+3 2 0 1
+3 5 5 1 1 0 0 1
cob=(8) /mnt/c/Users/User/Nueva carpeta (3)/seis_for_anidados
cfi=(235) /mnt/c/Users/User/Nueva carpeta (3)/seis_for_anidados.cpp
cfn=(1392) main
calls=1 -40 
* 1522131954 584470713 115833969 1450 18876527 384236 650 108 23383
+24 2 0 1 1
cfi=(289) ./stdlib/./stdlib/exit.c
cfn=(1922) exit
calls=1 +64 
* 9561 3155 1621 217 230 22 119 13 2

fl=(89) ./string/../sysdeps/x86_64/multiarch/strpbrk.c
fn=(314) strpbrk
29 1 0 0 1 0 0 1
fi=(303)
+7 5 2
fe=(89)
-7 1 1

fl=(138) ./string/../sysdeps/x86_64/multiarch/memchr.c
fn=(444) memchr
29 2 0 0 2 0 0 1
fi=(139) ./string/../sysdeps/x86_64/multiarch/ifunc-evex.h
+8 6 4
+1 8
+1 6 2 0 2 0 0 1
+4 4
+8 6
+3 8
fe=(138)
-25 2 2

fl=(290) ./stdlib/./stdlib/cxa_thread_atexit_impl.c
fn=(1926) __call_tls_dtors
148 4 0 2 1 0 0 1
+1 1 1 0 0 1
-1 1 0 1
+1 3 1
+16 4 4 0 2 0 0 2

fl=(270) ./stdio-common/./stdio-common/printf_fp.c
fn=(1776) hack_digit
91 410 160 0 4 0 0 1
-3 540 0 270
+5 90 90
+2 180 180
-2 180
+2 90 0 0 2 0 0 1
+1 180
-1 180 90
+1 90 0 90
cfi=(275)
cfn=(1768)
calls=90 -65 
* 1890 270 180
* 90 0 90
+31 90
+1 540 360
-37 420 70 70 1 0 0 1

fn=(1756) __printf_fp_l_buffer
1099 960 0 560 3 0 2 1
+3 80 80
-3 240 80 80 3 0 0 1
+3 160
+13 240 0 160 3 0 0 1
cob=(4)
cfi=(192)
cfn=(898)
calls=80 0 
* 1280 240 0 5 4 0 0 1
* 160 80 80
+1 400 160 0 0 2 0 0 1
+31 880 720 0 2 0 0 1
fi=(271) ./stdio-common/../include/../locale/localeinfo.h
330 160 160 0 2 4 0 1
fe=(270)
1111 80 0 80 0 0 1
fi=(271)
330 80 80
fe=(270)
1112 160 0 80 2 0 0 1
+5 160
+5 560 240 80 1 0 0 1
cfn=(1760) __printf_fp_buffer_1.isra.0
calls=80 138 
* 82406 16616 11234 228 22 21 94 10
+4 80

fn=(1760)
138 720 0 480 1 0 2 1
+21 80 80
-21 160 0 160 0 0 2
+21 80
-21 80 0 80 3 0 2 1
+21 160
-21 240 80 80
+21 80
+18 80 0 80 0 0 2
+10 80 0 80
-28 240 0 80
+62 160 0 0 3 0 0 1
+5 240 80 0 2 0 0 1
+4 560 240 0 4 4 0 2 2
1030 880 720 0 2 0 0 1
266 80 80 0 2 0 0 1
+5 80
-49 80 0 80
+44 320
+1 80
+1 160
+3 960 0 80 2 0 0 1
+1 80
-1 80
+1 160
-1 80
+1 80 0 0 3 0 0 1
-1 80 0 80
+1 720 0 80 0 0 2
+1 80 0 0 3 0 0 1
-1 80
+1 80
-1 80 0 80
+1 800 0 80 3 0 0 1
+6 80 0 80
-6 160 0 80
+7 160
665 80 80 0 3 0 0 1
+9 160 160
+6 80 80
-15 80 0 80
+9 160 80
+6 80 0 80
-6 160 80 80 0 2 0 0 1
+2 160
+16 80 80 0 1 0 0 1
-6 160 80
+20 400
-12 80 80
+12 80 0 80
+1 160
+1 210 0 70 1 0 0 1
+13 70 0 70
+7 70 70
+3 70
-11 70 0 70
+11 70 0 70
-3 70
+3 140 70
-3 70 0 70
+10 70
-7 70 0 70 2 0 0 1
+7 140 70
-10 10 10
+3 10
-11 10 0 10
+11 10 0 10
-3 10
+3 20 10
-3 10 0 10
+10 10
-7 10 0 10
+7 20 10
+8 160 80
fi=(278) ./stdio-common/../sysdeps/pthread/allocalim.h
27 80
fe=(270)
746 80 0 80
fi=(278)
27 80 0 80
cfi=(277) ./nptl/./nptl/alloca_cutoff.c
cfn=(1772) __libc_alloca_cutoff
calls=80 * 
* 880 160 0 3 2 0 1
+2 160
fe=(270)
759 160 80 0 3 0 0 1
-67 80 80
+67 880 0 80 3 0 0 1
fi=(278)
29 80 0 80
fe=(270)
759 240 0 80
+1 160 0 80
+3 300 70 0 3 0 0 1
+3 40 20
+7 50 20
+2 20 10
-4 10 0 10
+4 10 0 10
+14 20 10 10
-2 10
+1 30 0 10
+1 10
+1 20
-1 140 70 70 3 0 0 1
-2 70
+1 210 0 70
+1 70
+1 140
-1 490
+1 3100 1060 0 2 0 0 1
91 490 490
792 490
+2 490
91 1860 440
+2 470 470
+2 940 940
-2 940
793 470 0 470 3 0 0 1
+1 940
+1 940 0 470
230 480 0 80 2 0 2 1
cfi=(272) ./stdlib/../sysdeps/ieee754/dbl-64/dbl2mpn.c
cfn=(1762) __mpn_extract_double
calls=80 33 
* 1680 80 320 5 0 2 2
* 320
+4 80
91 2200 440 440 2 0 0 1
793 20 0 20
+3 186 62 0 2 0 0 1
+3 40 40
-1 180 0 40
95 470 0 0 2 0 0 1
+1 940
-1 1410 470 470
+1 470 0 470
cfi=(275)
cfn=(1768)
calls=470 -65 
* 9870 1410 940
* 470 0 470
+31 1410 470 0 2 0 0 1
805 320 240
+1 240 80 160 3 0 0 1
cfn=(1776)
calls=80 91 
* 4480 1100 630 7 0 0 3
+2 160 80
-2 80
+2 400
+2 120 40
+3 80 40
+5 470 118 0 2 0 0 1
fi=(279) ./stdio-common/../sysdeps/generic/get-rounding-mode.h
94 80 0 80
+1 560 80 0 2 0 0 1
fi=(280) ./stdio-common/../include/rounding-mode.h
-37 24
fe=(270)
935 46 46
-11 92 0 0 3 0 0 1
+3 28
-1 28
-2 272 108
+7 160
+4 160 0 0 2 0 0 1
+45 240 160 0 5 0 0 2
+3 160 0 80
+4 80 80
+9 80
-5 160 80
+5 80
-9 160
+19 160 0 0 3 0 0 1
fi=(281) ./stdio-common/../include/printf_buffer.h
163 160 80
fe=(270)
1009 240 80
+13 320 80 80 2 0 0 1
cfi=(268)
cfn=(1752)
calls=80 27 
* 4276 1120 720 6 0 0 2
+2 160 80
+4 160 80
483 160 0 0 3 0 0 1
655 30
+4 20 0 10 3 0 0 1
cfi=(273)
cfn=(1764)
calls=10 28 
* 160 20 10
* 10
+1 50 20 20
+1 20 0 10
988 80 80 0 2 0 0 1
-1 160
+9 240 80 0 2 0 0 1
fi=(281)
163 160
fe=(270)
1001 160
fi=(280)
52 228 0 0 1 0 0 1
fe=(270)
830 68
+5 314 68
+2 8 0 8 2 0 0 1
-2 40 8
+3 16
+2 72 16 0 2 0 0 1
+2 8 8
-2 8
+2 16
-2 234 52
+2 26 26
-2 26
+2 52
+2 34
+80 34
-80 34 0 34
+11 68
+80 34 34 0 3 0 0 1
-11 68
766 110 30 20 4 0 0 2
+3 20 0 10
cfn=(1776)
calls=10 91 
* 490 120 70
* 10 0 10
-3 50 10 0 3 0 0 1
+43 80 0 0 2 0 0 1
707 30 0 0 3 0 0 1
+14 10
+1 10
-1 10 0 10
+1 30 0 10
1003 160 0 0 3 0 0 1
774 50 20 0 5 0 0 2
+7 70 70 0 2 0 0 1
+2 70 70
669 70 0 70
781 70 0 70
+2 70
-1 70 0 70
+1 280 0 140 2 0 0 1
499 210 0 70 1 0 2 1
cfi=(273)
cfn=(1764)
calls=70 28 
* 1120 140 70 6 0 0 2
+1 350 140 140
+1 140
+2 70 0 70 1 0 0 1
+1 140 70
+7 70 70 0 0 2 0 0 1
-7 70 0 70
+7 70
+7 44 44 0 3 0 0 1
+1 44 22
-1 22
+2 22 22 0 0 2 0 0 1
-2 44
+9 44 44 0 1 0 0 1
+4 22 22
-4 66
+4 22
-4 22 0 22
+4 132 22
+1 44 0 0 1 0 0 1
+1 88
+2 44 22
+5 88 22
+22 48
+61 184 0 0 2 0 0 1
-2 70
509 70
621 70
511 140 70 0 0 2 0 0 1
623 796
-2 350
509 350
+2 700 350 0 0 2 0 0 1
623 700
509 700 0 0 3 0 0 1
621 350
511 744 372 0 0 4 0 0 2
+14 22
-1 88 0 22
cfi=(274) ./stdlib/./stdlib/mul.c
cfn=(1766) __mpn_mul
calls=22 48 
* 1628 352 286 19 2 5 7 1
* 22 0 0 3 0 0 1
+18 12
+4 12
-2 6 0 6
+2 24 0 6
+16 18
+2 12 6
+1 2
+6 8
-1 4
+1 8 0 4
-1 4 0 4
+6 4
+3 12 4
-3 14 0 0 2 0 0 1
+3 48 16 0 4 0 0 1
+34 40 20 20 3 0 0 1
cfi=(276) ./stdlib/../sysdeps/x86_64/rshift.S
cfn=(1770) __mpn_rshift
calls=20 28 
* 360 60 40 9 0 0 3
+3 60 20 20
+7 40 20
-53 16 0 0 2 0 0 1
+1 48
-1 16 0 16
+1 16 0 16
+4 46
+50 44 0 0 2 0 0 1
+4 250 150 50
cfi=(275)
cfn=(1768)
calls=50 31 
* 1650 200 150
+1 50 50
+1 50 50
-1 50 0 50
+1 100
+3 100 50 0 3 0 0 1
-1 50 50
+3 50 50
-2 100
-1 150
+1 100
+9 100 50 50
+2 100 50
-1 50 0 50
+3 210 70 70 3 0 0 1
994 320 0 80 3 0 0 1
+2 240
422 280 0 70 3 0 0 1
642 50 0 50 2 0 0 1
cfi=(276)
cfn=(1770)
calls=50 28 
* 900 150 100
+3 100 50
-65 40 0 0 2 0 0 1
+10 20
-3 20
+3 100
834 52 0 0 3 0 0 1

fl=(93) ./string/../sysdeps/x86_64/multiarch/memset.c
fn=(322) memset
29 4 0 0 1 0 0 1
fi=(94) ./string/../sysdeps/x86_64/multiarch/ifunc-memset.h
+32 20 8 0 0 2
+3 12 4 0 1 1 0 1
+16 8
+4 16
+8 8
fe=(93)
-63 4 4 0 1 0 0 1
fi=(94)
+71 8 0 0 1 0 0 1
-48 4
+1 8 0 0 2 0 0 1
fe=(93)

fl=(289)
fn=(1924) __run_exit_handlers
45 12 0 7 2 0 0 2
+2 9 2 3 1 1 0 1
+3 2
+3 7 0 1 0 0 1
+11 1 1 0 0 1
+2 2
+8 15 5 0 1 0 0 1
+2 5
+1 5 5
-1 5 0 5
+3 43 5 0 0 1
+44 3 1 0 2 0 0 2
-49 3 1
+55 2 1 1
+1 2
+6 1 0 0 1 0 0 1
-66 1 0 1
+66 3 1 1
+2 2 1
+3 2 0 1
cfi=(299) ./posix/../sysdeps/unix/sysv/linux/_exit.c
cfn=(2108) _Exit
calls=1 27 
* 5 1 0 1 0 0 1
-29 1 1 0 1 0 0 1
+1 1 1 0 0 1
-2 1 0 1
+3 1 0 0 1 0 0 1
+3 1
-3 2 1
+3 3 1 1
+1 3 0 1
cob=(1) /usr/lib/x86_64-linux-gnu/ld-linux-x86-64.so.2
cfi=(291) ./elf/./elf/dl-fini.c
cfn=(1928) _dl_fini
calls=1 -92 
* 8880 2953 1489 170 220 21 72 12 2
+1 4 0 1
-68 1 0 1 1 0 0 1
cfi=(290)
cfn=(1926)
calls=1 +97 
* 13 6 3 3 1 0 3
* 1
+88 1 0 1
cfi=(243)
cfn=(2098) _IO_cleanup
calls=1 882 
* 510 168 101 32 5 0 32 1
* 1

fn=(1922)
147 2 0 1 1 0 0 1
+1 3
-1 1
+1 1 0 1
cfn=(1924)
calls=1 45 
* 9554 3155 1619 216 230 22 118 13 2

fl=(201) ./string/../sysdeps/x86_64/multiarch/strrchr-avx2.S
fn=(674) __strrchr_avx2
53 1 0 0 1 0 0 1
+1 1
+1 1
+2 1
+1 1 0 0 1 0 0 1
+4 1
+1 1
+1 1
+3 1 1 0 0 1
+2 1
+1 1
+1 1
+1 1
+3 1
+1 1
+2 1
+1 1
+1 1
+1 1
+1 1
+9 2 1

fl=(296)
fn=(1946)
82 15 0 5 1 0 0 1
+1 10
-1 10
+1 10 0 5 0 0 1 0 0 1
fi=(297) ./posix/../malloc/dynarray-skeleton.c
243 5 5 0 0 1 0 0 1
fe=(296)
71 10
+38 20 5 5 1 0 0 1
+1 10 10

fl=(215) ./wcsmbs/./wcsmbs/wctob.c
fn=(874) wctob
30 896 128 256 1 0 0 1
+9 384
+6 128
-1 256
+35 768 512 0 1 0 0 1

fl=(243)
fn=(1858)
67 6 0 0 2 0 0 1
+1 12 6
+36 6 3
cfn=(1860) __GI__IO_un_link.part.0
calls=3 -38 
* 300 99 75 33 1 0 10

fn=(2098)
882 11 1 6 2 0 0 2
+1 1 0 1
cfn=(2100) _IO_flush_all
calls=1 713 
* 204 75 36 12 5 0 12 1
-73 2 0 1
+73 1
-73 3 0 2
cfi=(261)
cfn=(1638)
calls=1 24 
* 13 4 3
+1 6 3 0 1 0 0 1
fi=(250)
1037 2 0 0 1 0 0 1
fe=(243)
832 9 3
+2 6 2
+20 3 0 3 1 0 0 1
+2 36 12 6
+1 3 0 3
-43 9 3
+4 3 0 3 1 0 0 1
+1 27 15 0 1 0 0 1
+8 6 3
+2 9 3 0 1 0 0 1
+7 4 1 0 1 0 0 1
+4 1 1
-2 1
+3 1 0 1
-1 1 1
-2 1 0 1
+2 1 0 1
+5 1 1
fi=(250)
1037 2 0 0 1 0 0 1
+1 2
fe=(243)
845 4 1 1
cfi=(244)
cfn=(2104) _IO_file_setbuf@@GLIBC_2.2.5
calls=1 416 
* 87 21 21 6 0 0 6
+2 3 1
+9 2 1
+5 2 1 0 1 0 0 1
+1 2 0 1
cfi=(261)
cfn=(1640)
calls=1 54 
* 10 5 1
+33 11 8
-76 9 0 6 1 0 0 1
-8 1 0 1 1 0 0 1
+3 1 1
-3 1 0 1
+3 2
+47 6 1 2 1 0 0 1

fn=(1442)
225 4 0 0 2 0 0 1
+2 12 4 0 0 1
+1 1 0 1
+1 1 1
fi=(250)
1037 3 0 0 1 0 0 1
+1 2
fe=(243)
229 3 3
fi=(250)
1037 9 0 0 1
+1 6
fe=(243)
229 4 4 0 0 1
cfi=(244)
cfn=(1444) _IO_file_overflow@@GLIBC_2.2.5
calls=4 766 
* 945 222 143 41 6 3 30 1 1

fn=(1636) _IO_link_in
109 24 0 6 2 0 0 1
+1 30 12 6
+24 30 24
-22 3
+2 3
-2 6 0 6 2 0 0 1
+2 18 0 12
cfi=(261)
cfn=(1638)
calls=3 -90 
* 39 12 9 2 4 0 2
+1 27 15 0 2 0 0 1
+4 3 3 0 1 2 0 1
+3 6 0 3
-3 3 0 3
+4 6
+1 6 0 3 1 0 2 1
+2 3 0 3
+2 30 9 3
+1 3 0 3 3 0 0 1
+1 3 3
-2 3 0 3
+2 15 0 6
+1 6 0 3 1 0 0 1
cfi=(261)
cfn=(1640)
calls=3 -77 
* 30 15 3 2 0 0 2
+3 3
-19 6 0 6 2 0 0 1
+1 3 0 3
+1 27 12 6 3 0 0 1
+11 6 3
-11 3

fn=(1874) _IO_default_finish
628 18 0 6 3 0 0 1
+2 9 3
+6 9 3
+3 9 3 0 3 0 0 1
68 6 3
651 9 9

fn=(2100)
713 5 0 3 1 0 0 1
+5 1
-5 6 1 3
+5 4 0 3
cfi=(261)
cfn=(1638)
calls=1 24 
* 13 4 3
+1 6 3 0 1 0 0 1
-5 1 0 0 1 0 0 1
fi=(250)
1037 2
fe=(243)
742 39 15 6 2 0 0 2
+1 3 0 3
-21 9 3
+2 3 0 3 1 0 0 1
+1 27 15 0 1 2 0 1
+2 18 9 0 1 2 0 1 1
+7 9 3 0 0 1
+1 12 6
+12 2 1 0 1 0 0 1
+1 2 0 1
cfi=(261)
cfn=(1640)
calls=1 54 
* 10 5 1
+4 11 8
-27 9 0 6 1 0 0 1
-6 1 0 1 1 0 0 1
+3 1 1
-8 1
+5 1 0 1
+3 2
+25 6 1 2 1 0 0 1

fn=(1456)
355 20 0 4 3 0 0 1
+1 16 8
+3 4 0 4
+2 16
-3 4 0 4
+3 8 0 4
+3 8 8

fn=(1446) _IO_doallocbuf
369 1 0 0 1 0 0 1
+1 2 1
+2 4 1 0 1 0 0 1
-3 1 0 1
fi=(250)
1037 1
fe=(243)
369 2
+4 1 1
fi=(250)
1037 2
+1 2
fe=(243)
373 3 1 2 1 1 0 1
cfi=(245)
cfn=(1448)
calls=1 68 
* 243 47 29 9 3 1 9 1 1
* 2
+3 2 2

fn=(1630)
589 33 0 15 2 0 0 1
+1 3 0 3
cfn=(1632) _IO_old_init
calls=3 -33 
* 78 9 39 4 2 4 2 1
+1 3 0 3
+1 6
+2 3 0 3 2 0 0 1
+4 3
+7 3 0 3 0 0 2
+2 3 0 3
-9 15 0 15 0 0 2
+15 3 0 3
+1 3 0 3 2 0 0 1
+1 18 18

fn=(1864) _IO_unsave_markers
977 3 0 0 3 0 0 1
+2 6 3
+5 6 3 0 3 0 0 1
+2 3 3 0 3 0 0 1

fn=(1632)
557 3 0 0 2 0 0 1
+3 6 3 0 0 2 0 0 1
+5 6 0 3
-7 3
+12 3 0 3 2 0 2 1
-10 3
-2 3 0 3
+2 3
+16 3
-11 3 0 3
-5 3
+16 6 0 6
+5 3 3
-16 15 0 15
+16 6
+1 6 0 6 0 0 2
+2 3 3

fn=(1860)
66 3 0 3 2 0 0 1
+6 3
-6 21 3 9 2 0 0 1
+6 12 0 9
cfi=(261)
cfn=(1638)
calls=3 -48 
* 39 12 9 3
+1 18 9
+2 3 3 0 3 0 0 1
-1 3 0 3
+1 21 12 0 2 0 0 1
+2 6 3
+4 3 3 0 2 0 0 1
+1 3 3 0 0 1
+1 3 0 3
+1 6
+1 3 0 3
+11 12 3 3
+2 33 12 3 2 0 0 1
+1 3 0 3
-1 3 0 3
+2 9 3
+1 6 0 3 3 0 0 1
cfi=(261)
cfn=(1640)
calls=3 -47 
* 30 15 3 5
+3 24 18
-29 15 0 6 3 0 0 1
+25 9 0 6 3 0 0 1
-27 9 0 6 3 0 0 1

fn=(2106) _IO_default_setbuf
478 2 0 1 1 0 0 1
fi=(250)
1037 1
fe=(243)
478 8 0 3 1 0 0 1
+1 1 1
fi=(250)
1037 2
+1 2
fe=(243)
479 2 1 1
cfi=(244)
cfn=(1478) _IO_file_sync@@GLIBC_2.2.5
calls=1 827 
* 21 8 3
* 2
+4 1 1
356 1 1
488 1 0 0 1 0 0 1
-7 2
358 1 0 1
492 1
363 1
-4 1 0 1
+4 1 0 1
493 1
-1 3 0 3
+2 6 5
-11 1 0 0 1 0 0 1
+1 2
-1 1 0 1
356 4

fl=(255) ./time/../sysdeps/unix/sysv/linux/clock.c
fn=(1512) clock
25 160 0 80 2 0 0 1
+6 80
-6 160
+6 320 80 160 0 41
cfi=(256)
cfn=(1514)
calls=80 -1 
* 880 240 0 4 128 0 2
* 160
+4 80 80
-1 80 80 0 2 0 0 1
+1 480
+1 400 320

fl=(189) ./resource/../sysdeps/unix/sysv/linux/getrlimit64.c
fn=(622) getrlimit
38 2 0 0 1 0 0 1
+1 7
+1 1 1

fl=(267)
fn=(1746)
601 800 0 480 3 0 0 1
fi=(307) ./stdio-common/./stdio-common/printf-parse.h
82 80
fe=(267)
601 160 0 80 0 0 1
fi=(307)
82 80
fe=(267)
601 160 0 160 0 0 2
+27 240 160 80 1 0 1 1
+9 80 80
-9 80 80
+9 80 0 80 0 0 1
-9 80 0 80
+9 160 80 80
fi=(307)
82 80 0 80
cob=(4)
cfi=(192)
cfn=(1748) 0x0000000004b4c580
calls=80 -82 
* 1680 240 0 6 2 0 3
fe=(267)
653 80
-1 80
+1 80
fi=(307)
82 160 0 80 3 0 0 1
fe=(267)
653 80
-1 80 0 80
cfi=(268)
cfn=(1752)
calls=80 27 
* 1520 560 400 4 0 2 3
+2 240 80
+4 160 80
+4 560 240 80 2 2 0 1 1
-32 80 0 80
+11 80 0 80
-8 80 0 80
+29 160
+42 320 80 0 2 0 0 1
1043 880 720 0 2 0 0 1
704 160 0 0 3 0 0 1
-7 80
-8 80
+15 160
-12 80
-1 80
+13 80 0 0 2 0 0 1
-6 80 0 80
+6 80
-14 80
+14 80 80 0 0 2 0 0 1
-10 80
+10 80
-11 80 0 80
-7 80 0 80
-1 80 0 80
+19 80 80 0 2 2 0 1 1
-20 80 0 80
-1 80 0 80
+21 80
-22 320 0 80
973 160 80
+2 240 80 80 3 0 0 1
-2 80
+2 80 0 80
-2 80
+2 2240 480 320 4 0 0 2
+20 960 320 160 3 0 0 1
+1 80
263 80
+1 80
996 80 0 80
743 80 80
264 160
743 80 80
263 160 0 0 2 0 0 1
1023 80
fi=(307)
82 80
fe=(267)
1017 80 0 80
fi=(307)
82 160 0 80
cob=(4)
cfi=(192)
cfn=(1748)
calls=80 -82 
* 1680 240
fe=(267)
1027 160
+1 80
fi=(307)
82 80
fe=(267)
1028 80
-1 80 0 80
cfi=(268)
cfn=(1752)
calls=80 27 
* 1520 560 400
+3 160 80 0 4 0 0 1
fi=(269) ./stdio-common/./stdio-common/vfprintf-process-arg.c
352 80 0 0 2 0 0 1
fe=(267)
813 80 80
-1 80
+1 160 0 0 3 0 0 1
+41 1120 160 0 2 4 0 1 2
266 80 0 80 3 0 0 1
cfi=(270)
cfn=(1756)
calls=80 1099 
* 88086 18456 12354 249 32 24 101 12
1000 80 0 0 3 0 0 1
818 80 80 0 3 0 0 1
-1 80
+1 240
+15 720 320 80 3 0 0 1
+3 160 80
+18 80 80
-37 80
+19 320

fl=(209) ./string/../sysdeps/x86_64/multiarch/memset-vec-unaligned-erms.S
fn=(748) __memset_avx2_unaligned_erms
198 5802 0 0 3 0 0 1
+1 11604
+5 5802
+1 5802
+1 5802
+1 5802
+1 5802
+21 5802 5802 0 3 41 0 1
+1 5802
+6 5802 0 5802 0 0 3511 0 0 469
+1 5802 0 5802 0 0 3652 0 0 781
+12 5802
+3 5802
+1 5802
+12 5802 0 5802 0 0 2150 0 0 468
+1 5802 0 5802 0 0 3652 0 0 781
+13 5802
+1 5802
+2 5802
+3 5802
+3 5802
+3 5802 0 5802 3 0 1075 1 0 252
+1 5802 0 5802 0 0 2902 0 0 640
+1 5802 0 5802 0 0 2900 0 0 611
+1 5802 0 5802 0 0 2902 0 0 641
+1 5802
+1 5802
+1 5802
-6 46420 0 46420 0 0 23210 0 0 3424
+1 46420 0 46420 0 0 23210 0 0 4611
+1 46420 0 46420 0 0 23210 0 0 3425
+1 46420 0 46420 0 0 23102 0 0 4500
+1 46420
+1 46420
+1 52222
+3 5802 0 5802 0 0 750 0 0 167
+1 5802 0 5802 0 0 1382 0 0 292
+1 5802 0 5802 0 0 1960 0 0 305
+1 5802 0 5802 0 0 2161 0 0 1
+3 11604 5802

fl=(187) ./elf/./elf/libc_early_init.c
fn=(618) __libc_early_init
34 8 1 3 1 0 0 1
+2 1 0 1 1 0 0 1
cfi=(188)
cfn=(620)
calls=1 +1 
* 17 10 3 2 6 0 2
+3 1 1
fi=(190) ./elf/../sysdeps/nptl/pthread_early_init.h
-6 2
fe=(187)
+6 1 0 1 0 0 1 0 0 1
+3 2 0 2 0 0 1 0 0 1
fi=(190)
-9 1 0 1
cfi=(189)
cfn=(622)
calls=1 +5 
* 10 1 0 1 0 0 1
* 3
+1 1 1
+4 5 0 0 1 0 0 1
+7 1 1
fi=(308) ./elf/../nptl/nptl-stack.h
+16 3 2 0 0 1
fi=(190)
-16 1 1
fi=(308)
+16 2
fi=(190)
-7 1 0 1 0 0 1 0 0 1
fi=(308)
+7 2
fi=(190)
-9 1
-6 1
+2 2 0 0 1 0 0 1
+4 4 0 1
+1 1 0 1 0 0 1 0 0 1
+3 1 0 1
cfi=(191) ./nptl/./nptl/pthread_mutex_conf.c
cfn=(626) __pthread_tunables_init
calls=1 -1 
* 84 21 9 3 7 0 3 6
fe=(187)
-9 2 0 1
cfi=(193) ./stdlib/../sysdeps/unix/sysv/linux/getrandom.c
cfn=(630) __getrandom_early_init
calls=1 238 
* 18 7 2 2 1 0 2
+3 3 2
+1 2 2
-1 1 0 0 1 0 0 1
cfi=(194)
cfn=(632)
calls=1 251 
* 1086 67 156 11 24 33 11 16 32

fl=(132) ./string/../sysdeps/x86_64/multiarch/strncpy.c
fn=(424) strncpy
29 1 0 0 1 0 0 1
fi=(112)
+6 5 2
+1 3 1
+4 4
+3 3
+3 5 1 0 1 0 0 1
fe=(132)

fl=(274)
fn=(1766)
48 374 22 154 2 0 2 1
+6 44
+12 44
+76 242 198
-71 22 22 0 2 2 0 1 1
+1 44
+69 22 0 22 3 0 0 1
-60 22 0 22 0 0 3
cfi=(275)
cfn=(1768)
calls=22 -50 
* 726 88 66 12 0 0 4
* 22 22
+2 22 0 22
+5 44

fl=(292) ./nptl/./nptl/pthread_mutex_lock.c
fn=(1930) pthread_mutex_lock@@GLIBC_2.2.5
71 1 0 0 1 0 0 1
+3 1 1
+2 1
+2 3
-7 3 0 1
+10 1 1
+2 2 0 0 1 0 0 1
+75 1 0 1
+2 1 0 1
+3 1
-59 1
+62 2 2
-76 2 0 0 1 0 0 1
+5 2 1
-51 1 1 0 1 0 0 1
+1 7 2
+1 3 0 1 1 0 0 1
+64 3 1
+1 2 0 1

fl=(133) ./wcsmbs/../sysdeps/x86_64/multiarch/wmemcmp.c
fn=(428) wmemcmp
29 1 0 0 1 0 0 1
fi=(134) ./wcsmbs/../sysdeps/x86_64/multiarch/ifunc-memcmp.h
+5 7 2
fe=(133)
-5 2 1
fi=(134)
+6 2 1 0 1 0 0 1
+2 3 1
+4 2
+3 3
+3 5
fe=(133)

fl=(96) ./debug/../sysdeps/x86_64/multiarch/mempcpy_chk.c
fn=(330) __mempcpy_chk
29 1 0 0 1 0 0 1
fi=(97) ./debug/../sysdeps/x86_64/multiarch/ifunc-memmove.h
+27 3 2 0 1 0 0 1
+1 2
+3 3 1
+14 2 0 0 1 0 0 1
+3 2 0 0 1 0 0 1
+8 2
+8 2
+3 5 1
fe=(96)

fl=(124) ./string/../sysdeps/x86_64/multiarch/memcmp.c
fn=(400) bcmp
29 2 0 0 2 0 0 1
fi=(125) ./string/../sysdeps/x86_64/multiarch/ifunc-memcmp.h
+5 14 4
fe=(124)
-5 4 2
fi=(125)
+6 4 2 0 2 0 0 1
+2 6 2
+4 4
+3 6
+3 10
fe=(124)

fl=(264) ./string/../sysdeps/x86_64/multiarch/strchr-avx2.S
fn=(1750) __strchrnul_avx2
53 160 0 0 2 0 0 1
+2 160
+1 160
+1 160
+1 160
+1 160
+3 160
+1 160 0 0 3 0 0 1
+4 160 160
+1 160
+1 160
+1 160
+1 160
+1 160
+1 160
+1 160
+13 160
+2 320 160

fn=(1652) __strchr_avx2
53 3 0 0 2 0 0 1
+2 3
+1 3
+1 3
+1 3
+1 3
+3 3
+1 3 0 0 2 0 0 1
+4 3 3 0 0 2 0 0 1
+1 3
+1 3
+1 3
+1 3
+1 3
+1 3
+1 3
+3 3 3
+8 3
+8 3
+1 6 3

fl=(232)
fn=(1386)
28 1 0 0 1 0 0 1
+2 1
+2 1
cfi=(233) ./setjmp/../sysdeps/x86_64/setjmp.S
cfn=(1388) __sigsetjmp
calls=1 -1 
* 28 6 9 3 1 0 3

fl=(131) ./string/../sysdeps/x86_64/multiarch/strlen.c
fn=(420) strlen
29 1 0 0 1 0 0 1
fi=(88)
+9 3 2
+2 4
+1 2 1
+1 3 1
+4 4 0 0 1 0 0 1
+3 3
+3 5 1
fe=(131)

fl=(272)
fn=(1762)
33 80 0 0 3 0 0 1
+2 80
-2 80
+4 240 0 80
+1 400 0 80
+9 160
+9 80
-9 80 0 80 0 0 2
+9 160 0 0 2 0 0 1
+47 80
+4 80
-4 80 0 80
+4 80 80

fl=(230) ./csu/../csu/libc-start.c
fn=(1368) __libc_start_main@@GLIBC_2.34
242 13 0 7 1 0 0 1
+69 2
+1 4 0 1 1 0 0 1
cfi=(222)
cfn=(1170)
calls=1 67 
* 73 13 15 0 0 1 0 0 1
+25 6 2 1
+6 2 2
-3 2
+10 2 1 1
cob=(4)
cfi=(192)
cfn=(1380) 0x0000000004b4c790
calls=1 0 
* 7 3 0 2 2 0 2
+2 2
+8 4 1 1
cfi=(231)
cfn=(1384)
calls=1 30 
* 1522141572 584473882 115835610 1675 18876760 384258 776 121 23385
128 2 2 0 1 1 0 1
+6 3 1 0 0 1
+1 6 2 2 1 1 0 1
cob=(4)
cfi=(192)
cfn=(1370) 0x0000000004002000
calls=1 0 
* 7 2 0 1 0 0 1
* 1 1
+3 1 1 0 0 1
+1 2
+3 3 2 0 0 1
+2 2
-1 7 2 1
+2 4 1 2 1 1 0 1
cob=(8)
cfi=(229) ???
cfn=(1374) 0x00000000000030b0
calls=1 0 
* 12 1 0 3 0 0 3
-1 4 1

fl=(252) ./stdlib/./stdlib/rand.c
fn=(1504) rand
26 5844000 0 1948000 2 0 0 1
+1 1948000 0 1948000
cfi=(253) ./stdlib/./stdlib/random.c
cfn=(1506) random
calls=1948000 289 
* 91493162 29220000 13636000 12 201 0 6 2
+1 3896000 3896000

fl=(246) ./io/../sysdeps/unix/sysv/linux/fstat64.c
fn=(1452) fstat
30 1 0 0 1 0 0 1
+9 4
+33 1 1

fl=(202) ./libio/./libio/vtables.c
fn=(676) check_stdfiles_vtables
545 1 0 0 1 0 0 1
+1 4 2 0 0 2
+1 3 2 0 1 1 0 1
+1 3 2 0 0 1
+2 1 1

fl=(251) ./libio/./libio/iofwrite.c
fn=(1492) fwrite
31 16 0 10 2 0 0 1
+1 4
-1 2
+4 10 0 0 2 0 0 1
+2 18 10
+1 6 2 0 2 0 0 1
fi=(250)
1037 2
fe=(251)
44 2 2 0 2 0 0 1
-1 6 6
fi=(250)
1037 4
+1 6 0 2
fe=(251)
44 10 2 6
cfi=(244)
cfn=(1496) _IO_file_xsputn@@GLIBC_2.2.5
calls=2 1259 
* 321 67 20 12 2 0 6
fi=(250)
991 2 2
fe=(251)
45 6 6
fi=(250)
991 2
fe=(251)
45 4
fi=(250)
991 6
fe=(251)
38 4 0 0 2 0 0 1
fi=(250)
992 8 6 0 2 0 0 1
fe=(251)
74 4 0 0 2 0 0 1
+4 2
-3 2
+3 14 12
fi=(250)
992 12 2 4 2 0 0 1
fe=(251)
37 6 0 4 2 0 0 1

fl=(253)
fn=(1506)
289 13636000 1948000 3896000 2 2 0 1
+3 3896000 1948000
+13 9740000 7792000
-11 5844000 0 1948000 2 0 0 1
cfi=(254)
cfn=(1508)
calls=1948000 +77 
* 54481162 15584000 7792000 6 199 0 3 2
+1 3896000 1948000 0 2 0 0 1

fl=(191)
fn=(626)
55 2 0 1 1 0 0 1
+1 1
-1 2 0 1
+1 1
-1 1
+1 4 1 2
cob=(4)
cfi=(192)
cfn=(628)
calls=1 -56 
* 20 5 1 1 3 0 1 2
+2 4 0 1 1 0 0 1
cob=(4)
cfi=(192)
cfn=(628)
calls=1 -58 
* 19 5 1 0 2 0 0 2
+2 4 0 1
cob=(4)
cfi=(192)
cfn=(628)
calls=1 -60 
* 20 5 1 0 2 0 0 2
+2 6 5

fl=(282)
fn=(1786)
25 80 0 0 3 0 0 1
+1 240 80
+5 160 160 0 1 0 0 1
+2 880 80
+7 80 80

fl=(118) ./string/../sysdeps/x86_64/multiarch/strcspn.c
fn=(384) strcspn
29 1 0 0 1 0 0 1
fi=(303)
+7 5 2 0 1 0 0 1
fe=(118)
-7 1 1

fl=(248)
fn=(1464)
74 50 0 10 1 0 0 1
-37 20 20
+1 20 10
+2 30 10 0 4 0 0 1
+39 20
+1 30 20

fl=(85) ./string/../sysdeps/x86/cacheinfo.c
fn=(306) __x86_cacheinfo
86 1 0 0 1 0 0 1
fi=(86) ./string/../sysdeps/x86/cacheinfo.h
-24 1 1
+3 3 1 0 0 1
+2 1
+1 1 0 1 0 0 1 0 0 1
-1 2 0 1 0 0 1 0 0 1
+7 3 1 0 1 0 0 1
+2 1
+1 1 0 1
-1 2 0 1
+5 2 1 1 0 0 1 0 0 1
+3 2 1 1
+2 2 1 1 1 1 0 1
+1 2 1 1
+1 2 1 1
+2 2 1
fe=(85)
-4 2 1

fl=(135) ./debug/../sysdeps/x86_64/multiarch/memmove_chk.c
fn=(432) __memmove_chk
29 1 0 0 1 0 0 1
fi=(97)
+27 3 2
+1 2
+3 3 1 0 1 0 0 1
+14 2 0 0 1 0 0 1
+3 2
+8 2 0 0 1 0 0 1
+8 2
+3 5 1
fe=(135)

fl=(98) ./debug/../sysdeps/x86_64/multiarch/memcpy_chk.c
fn=(334) __memcpy_chk
29 1 0 0 1 0 0 1
fi=(97)
+27 3 2
+1 2
+3 3 1
+14 2 0 0 1 0 0 1
+3 2 0 0 1 0 0 1
+8 2
+8 2
+3 5 1 0 1 0 0 1
fe=(98)

fl=(126) ./wcsmbs/../sysdeps/x86_64/multiarch/wmemset.c
fn=(404) wmemset
31 2 0 0 1 0 0 1
fi=(127) ./wcsmbs/../sysdeps/x86_64/multiarch/ifunc-wmemset.h
+5 10 4
+1 6 2
+3 4
+8 6
+3 8 0 0 1 0 0 1
fe=(126)
-20 2 2

fl=(143) ./string/../sysdeps/x86_64/multiarch/strncase.c
fn=(458) strncasecmp
31 1 0 0 1 0 0 1
fi=(116)
+5 1 1
+1 4 1
fe=(143)
-6 2 1
fi=(116)
+7 3 1 0 1 0 0 1
+4 4 1
+3 3 1
+3 4
fe=(143)

fl=(226)
fn=(1238)
25 356 0 0 2 0 0 1
+1 712 356 0 0 1
-1 712 0 356 1 0 0 1
+4 356 0 356 0 0 62
cfi=(227)
cfn=(1240)
calls=356 +8 
* 9926 2454 1028 10 205 34 5 1
+1 712
+4 712 712

fl=(210) ./nptl/./nptl/pthread_once.c
fn=(772) pthread_once@@GLIBC_2.34
136 94 0 0 2 0 0 1
+3 94 94 0 0 3 0 0 1
+1 188
+4 186 93
-8 2 0 1 1 0 0 1
+7 1 0 1
cfn=(774) __pthread_once_slow.isra.0
calls=1 -76 
* 1929 607 310 18 21 3 18 7
+1 3 2

fn=(774)
67 9 1 4 1 0 0 1
+9 1 1 0 1 0 0 1
+4 2
+52 8 6
-44 2 1 0 0 1 0 0 1
+4 2 0 1
+9 2
+13 14 0 9 2 0 0 2
cfi=(211)
cfn=(776)
calls=1 -89 
* 7 2 4 2 1 0 2
+2 2 1 1
cob=(7)
cfi=(206)
cfn=(778) 0x00000000000d9590
calls=1 0 
* 1861 592 288 12 19 3 12 6
+2 3 0 1
cfi=(211)
cfn=(794)
calls=1 -78 
* 6 2 1
fi=(213) ./nptl/../sysdeps/nptl/futex-internal.h
+71 4
fe=(210)
-65 2 1 1
fi=(213)
+65 4
fe=(210)

fl=(193)
fn=(630)
238 7 1 2 1 0 0 1
+3 6 2 0 0 1
+37 5 4 0 1 0 0 1

fl=(228)
fn=(1242)
36 224 0 0 2 0 0 1
fi=(309) ./misc/../sysdeps/unix/sysv/linux/brk_call.h
-12 448
fe=(228)
+13 448 224 224
+1 448
+6 224
+1 224 224

fl=(276)
fn=(1770)
28 70 0 0 3 0 0 1
+1 70
+1 70
+1 70
+13 70
+1 70 0 0 3 0 0 1
+16 70
+1 70 70
+1 70 70
+1 70
+1 70
+1 70
+1 70
+5 70 0 0 3 0 0 1
+1 70 0 70
+1 70
+1 70 0 70
+1 70 70

fl=(286) ./io/../sysdeps/unix/sysv/linux/close_nocancel.c
fn=(1868) __close_nocancel
25 3
+1 12 0 0 2 0 0 1
+1 3 3

fl=(180) ./time/../sysdeps/unix/sysv/linux/time.c
fn=(586) time
37 7 3 0 1 1 0 1

fl=(214) ./locale/./locale/uselocale.c
fn=(868) uselocale
30 162 0 0 3 0 0 1
+1 486 324 0 3 3 0 1
+2 324
+3 162
-1 162
+2 162 0 162
+28 486 324 162 0 6
+1 486 324 162
+1 486 324 162 3 0 0 1
+3 486
+1 162 162

fl=(87) ./string/../sysdeps/x86_64/multiarch/strnlen.c
fn=(310) strnlen
31 2 0 0 1 0 0 1
fi=(88)
+7 6 4
+2 8
+1 4 2 0 0 1
+1 6 2
+4 8 0 0 1 0 0 1
+3 6
+3 10 2
fe=(87)

fl=(120) ./string/../sysdeps/x86_64/multiarch/strcat.c
fn=(388) strcat
29 1 0 0 1 0 0 1
fi=(121) ./string/../sysdeps/x86_64/multiarch/ifunc-strcpy.h
+9 2 2
+1 1 1
-1 2
+1 2
+4 4
+3 3 0 0 1 0 0 1
+3 3
fe=(120)
-20 1 1

fl=(284) ./libio/./libio/fileno.c
fn=(1832) fileno
32 3 0 0 1 0 0 1
+3 15 6 0 3 0 0 1
+7 3 3

fl=(239) ./string/../sysdeps/x86_64/multiarch/memmove-vec-unaligned-erms.S
fn=(1416) __memcpy_avx_unaligned_erms
255 509 0 0 1 0 0 1
+1 509
+6 509
+1 509
+2 4 4
+1 4
+1 4
+3 4 4
+1 4 0 4
+1 4 0 4
+3 8 4
+30 505
+1 505
+2 470
+1 470
+2 267
+4 267
+1 211
+1 211
+1 211 211 0 0 2 0 0 1
+1 211
+1 78 78
+1 78 0 78 0 0 3
+2 78 0 78
+2 78 78
-2 133 0 133 0 0 1
+2 133 133
+6 56 56
+1 56 56
+1 56 0 56
+1 56 0 56
+1 56 56
+7 35 35 0 1 8 0 1 4
+1 35 35
+1 35 0 35 0 0 5
+1 35 0 35 0 0 4
+2 35 35
+17 203 203 0 1 4 0 1 2
+1 203 203
+1 203 0 203 0 0 7
+1 203 0 203 0 0 1
+1 203 203

fn=(1500) __mempcpy_avx_unaligned_erms
242 2 0 0 2 0 0 1
+1 2
+1 2
+1 2
+17 2
+1 2
+42 2
+1 2
+36 2 2
+1 2 2
+1 2 0 2
+1 2 0 2
+2 2 2

fl=(99) ./string/../sysdeps/x86_64/multiarch/memrchr.c
fn=(338) memrchr
29 1 0 0 1 0 0 1
fi=(88)
+9 3 2
+2 4 0 0 1 0 0 1
+1 2 1
+1 3 1
+4 4
+3 3
+3 5 1
fe=(99)

fl=(128) ./string/../sysdeps/x86_64/multiarch/strcpy.c
fn=(408) strcpy
29 1 0 0 1 0 0 1
fi=(121)
+9 2 2 0 1 0 0 1
+1 1 1
-1 2
+1 2
+4 4
+3 3
+3 3
fe=(128)
-20 1 1

fl=(199) ./csu/./csu/init-first.c
fn=(668) _init_first
46 5 0 1 1 0 0 1
+5 2 1
+4 5 4 0 1 2 0 1 1
+8 1 1 0 0 1
-2 1 0 1 0 0 1
+10 1
-9 1 0 1
+1 1 0 1 0 0 1 0 0 1
+9 1 1
-1 1
cfi=(200)
cfn=(670)
calls=1 -41 
* 50 11 6 5 2 1 5

fl=(221) ./string/../sysdeps/x86_64/multiarch/memcmp-avx2-movbe.S
fn=(904) __memcmp_avx2_movbe
73 50 0 0 1 0 0 1
+7 50
+1 50
+3 1 1
+1 1 1
+1 1
+4 1
+1 1 0 0 1 0 0 1
+2 1
+1 1
+3 1 1
+1 1 1
+1 1
+3 1
+1 1
+3 1
+1 1
+3 1 1
+1 1 1
+1 1
+1 1
+1 1 0 0 1 0 0 1
+1 1 1
+1 1 1
+1 1
+1 1
+1 1
+3 1
+1 1
+6 1 1
+1 1 1
+1 1
+1 1
+4 1 1 0 1 0 0 1
+1 1 1
+2 1 1
+1 1 1
+1 1 1
+1 1 1
+3 1
+1 1
+1 1
+1 1
+1 1
+1 1
+2 2 1
+4 39 0 0 1 0 0 1
+10 39 39
+1 39 39
+1 39
+3 78 39
401 49 0 0 1 0 0 1
+1 49
+5 49
+1 49
+1 49
+1 49
+1 49
+3 49 49
+1 49 49
+1 49
+1 49
+3 49
+1 49
+1 10
+1 20 10

fl=(277)
fn=(1772)
27 80 0 0 3 0 0 1
+1 720 80 0 0 2
+7 80 80

fl=(299)
fn=(2108)
27 3 1 0 1 0 0 1

fl=(122) ./string/../sysdeps/x86_64/multiarch/strncase_l.c
fn=(392) strncasecmp_l
31 1 0 0 1 0 0 1
fi=(116)
+5 1 1
+1 4 1
fe=(122)
-6 2 1
fi=(116)
+7 3 1 0 1 0 0 1
+4 4 1 0 1 0 0 1
+3 3 1
+3 4
fe=(122)

fl=(129) ./string/../sysdeps/x86_64/multiarch/strcasecmp_l.c
fn=(412) strcasecmp_l
31 1 0 0 1 0 0 1
fi=(116)
+5 1 1
+1 4 1
fe=(129)
-6 2 1
fi=(116)
+7 3 1 0 1 0 0 1
+4 4 1
+3 3 1
+3 4 0 0 1 0 0 1
fe=(129)

fl=(136) ./string/../sysdeps/x86_64/multiarch/stpcpy.c
fn=(436) stpcpy
33 1 0 0 1 0 0 1
fi=(121)
+5 2 2
+1 1 1
-1 2
+1 2
+4 4
+3 3 0 0 1 0 0 1
+3 3
fe=(136)
-16 1 1

fl=(244)
fn=(1644) _IO_file_open
216 33 0 9 4 0 0 2
+2 3 3
+1 6
-1 3
+4 3 0 3
cfi=(262)
cfn=(1646)
calls=3 30 
* 144 36 27 7 0 2 3
* 3
+1 6
+3 6 3
+3 3
-4 3 0 3
+1 9 0 0 3 0 0 1
+3 3
-3 3 0 3
+3 3
+10 6 0 3 2 0 0 1
cfi=(243)
cfn=(1636)
calls=3 109 
* 42 18 6
+2 3
-1 3
+1 12 12

fn=(1460) _IO_file_write@@GLIBC_2.2.5
1234 32 0 20 1 0 0 1
+2 16
-1 8
+6 4 0 4
cfi=(247)
cfn=(1462)
calls=4 25 
* 116 32 16 3 0 0 3
+1 8
+6 4
-1 4 0 4
+2 4
-13 8
+4 12 4 0 2 0 0 1
+1 8 4
+11 12 4 0 0 2
+3 24 24
-4 12 0 0 2 0 0 1

fn=(1496)
1259 12 0 6 2 0 0 1
+7 2
-7 4 0 2
+6 6
+7 2
+2 2 2
-2 8 2
+18 2
+5 2 0 0 2 0 0 1
+2 4 0 2
-2 2
+2 4 0 4
cob=(4)
cfi=(192)
cfn=(1498) 0x0000000004b4c420
calls=2 0 
* 30 8 4 4 2 0 2
+1 2 2
+1 4 2
-2 2 0 2
+1 2
+1 2
+2 4
+28 14 10
-55 2 2 0 2 0 0 1
+4 2
-4 2
+1 4
+5 117 39
-2 84 0 0 2 0 0 1

fn=(1872)
202 3 0 0 3 0 0 1
+1 6 3
+6 6
cfi=(243)
cfn=(1874)
calls=3 628 
* 60 21 6 6 0 0 2

fn=(1444)
766 4 0 0 2 0 0 1
+1 12 4
-1 20 0 8 2 0 0 1
+8 18 4
+37 3 3
-2 6
+3 8 4
+3 12 0 8 0 0 1
+1 12 4 0 1
+1 16
+4 4
+1 12 12
-45 2 0 0 1 0 0 1
+12 2
+9 3 1 0 1 0 0 1
+5 1 1
-1 1 0 1
+4 1 1
-3 2 0 2
+2 2
-5 1 0 1
+1 1 0 1
+4 1 0 1
+1 2
-7 1
+10 2
+10 12 8 0 1
-1 4 0 4
cfn=(1458) _IO_do_write@@GLIBC_2.2.5
calls=4 458 
* 492 124 80 18 2 1 11
* 8
-12 2 0 0 1 0 0 1
+1 2 0 1
-28 2 0 2 1 0 0 1
cfi=(243)
cfn=(1446)
calls=1 369 
* 266 53 32 12 4 1 12 1 1
+1 2 2 0 1 0 0 1
+9 1 1
-9 5 0 2

fn=(1642)
247 36 3 21 3 0 0 2
+9 6 3
+2 21 3 0 0 2 0 0 1
+23 18 3 0 2 0 0 1
391 36 27
258 12 0 0 5 0 0 2
+57 15 0 3 5 0 0 2
cfn=(1644)
calls=3 -99 
* 297 72 54 16 0 2 7
* 3
+3 6
+3 9 0 3
cfi=(263)
cfn=(1648)
calls=3 77 
* 177 45 27 12 6 2 5 2
+1 6
-41 18 0 0 1 0 0 1

fn=(1866) _IO_file_close
1225 3 0 0 2
+3 6 3
cfi=(286)
cfn=(1868)
calls=3 25 
* 18 3 0 2 0 0 1

fn=(1450)
1207 1 0 0 1 0 0 1
+1 2 1
cfi=(246)
cfn=(1452)
calls=1 30 
* 6 1 0 1 0 0 1

fn=(1458)
458 4 0 0 2 0 0 1
+2 12
-2 8 0 4 2 0 0 1
fi=(250)
1037 4
fe=(244)
458 24 0 8 0 0 1
+10 8 4
+7 16 8
+8 4 4 0 2 0 0 1
fi=(250)
1037 8
+1 8
fe=(244)
483 20 4 8
cfn=(1460)
calls=4 1234 
* 272 68 44 8 2 0 6
+1 4 4
-1 4
+1 12 4 0 2 0 0 1
+2 4 4
+4 8 4
-3 8 0 4
-1 8 0 8
+4 8
-30 8
+28 4 0 4
-28 8
+1 20 16
+28 8 4 0 2 0 0 1

fn=(1478)
827 90 0 30 2 0 0 1
+5 60 30 0 0 1 0 0 1
+2 30 30 0 2 0 0 1
+1 30 15
+5 30
+11 30 0 15 3 0 0 1
+4 45 45

fn=(1634)
107 18 0 6 2 0 0 1
+5 3 0 3
-1 3 0 3
+3 3 0 3
cfi=(243)
cfn=(1636)
calls=3 -5 
* 303 90 81 21 6 2 13
+1 3 0 3
+1 9 9

fn=(1862)
129 21 0 12 3 0 0 1
+2 9 3
+3 12 3
+1 6 0 0 2 0 0 1
+2 6
+14 6
+1 9 3
-22 3 0 0 3 0 0 1
+43 3
+2 3
-2 3 0 3
cfi=(243)
cfn=(1864)
calls=3 977 
* 18 9 0 9 0 0 3
+3 9 6
fi=(250)
1037 9
+1 6
fe=(244)
176 6 3 3 0 2
cfn=(1866)
calls=3 1225 
* 27 6 0 4 0 0 1
* 3
+3 9 3 0 1 0 0 1
+8 15 0 3 3 0 0 1
cfi=(243)
cfn=(1456)
calls=3 355 
* 57 12 12 2
+1 3
+3 3
-3 9 0 9
+3 3 0 3
cfi=(243)
cfn=(1858)
calls=3 67 
* 12 6
+5 3
-4 3 0 3
+1 3 0 3
+3 3
-2 3 0 3 2 0 0 1
+3 21 15
-45 12 6 0 6 0 0 2

fn=(2104)
416 6 0 2 1 0 0 1
+1 1 0 1 1 0 0 1
cfi=(243)
cfn=(2106)
calls=1 +61 
* 69 17 15 4 0 0 4
* 2
+3 1 1
+4 2
-2 3 0 3
+3 3 3

fl=(233)
fn=(1388)
31 1 0 0 1 0 0 1
+2 1 0 1
+9 1
+1 2 1
+1 1 0 1
+4 1 0 1
+1 1 0 1 1 0 0 1
+1 1 0 1
+1 1 0 1
+1 1
+2 2 1
+2 1 0 1
+1 1 1
+1 1
+2 2 1
+2 1 0 1
+5 1 1 0 1 1 0 1
+1 1
+17 1
cfi=(234)
cfn=(1390)
calls=1 -57 
* 6 1 1

fl=(141) ./wcsmbs/../sysdeps/x86_64/multiarch/wcpncpy.c
fn=(450) wcpncpy
31 1 0 0 1 0 0 1
fi=(101)
+8 2 1 0 1 0 0 1
+1 4 1
+1 3 1
+4 2
+3 4 0 0 1 0 0 1
fe=(141)
-17 2 1

fl=(283) ./string/../sysdeps/x86_64/multiarch/memchr-avx2.S
fn=(1798) __memchr_avx2
61 80 0 0 2 0 0 1
+7 80
+2 80
+3 80
+1 80
+2 80
+1 80
+1 80
+1 80
+3 80 80
+1 80
+3 80
+1 80
+14 80 0 0 2 0 0 1
+5 80
+7 80
+1 80
+1 80
+1 80 80

fl=(137) ./string/../sysdeps/x86_64/multiarch/memmove.c
fn=(440) memmove
29 1 0 0 1 0 0 1
fi=(103)
+27 3 2
+1 2
+3 3 1
+14 2 0 0 1 0 0 1
+3 2 0 0 1 0 0 1
+8 2
+8 2
+3 5 1 0 1 0 0 1
fe=(137)

fl=(249) ./libio/./libio/iofflush.c
fn=(1476) fflush
32 14 0 0 3 0 0 1
+1 28
-1 84 0 42
+7 28 14 0 0 1
+1 14 14 0 0 1
fi=(250)
1037 42 0 0 3 0 0 1
+1 28
fe=(249)
40 28 14 14
cfi=(244)
cfn=(1478)
calls=14 827 
* 294 112 42 7 1 0 3 1
* 28
fi=(250)
991 28 14
+1 126 56 28
fe=(249)
44 84 56
-5 140 56 28 12 5 0 4 1

ob=(6) /usr/lib/x86_64-linux-gnu/libgcc_s.so.1
fl=(205) ???
fn=(696) 0x0000000000005d10
0 12 1 0 3 0 0 3

fn=(2072) 0x0000000000005c60
0 5 1 0 2 0 0 1

fn=(2052) 0x0000000000004960
0 32 12 8 1 1 0 1

fn=(694) __cpu_indicator_init
0 184 2 26 15 1 0 15

ob=(8)
fl=(229)
fn=(1936) 0x0000000000003070
0 9 3 2 2 2
cob=(4)
cfi=(192)
cfn=(1942) 0x00000000040022a0
calls=1 0 
0 97 23 12 9 4 1 8 1 1
0 1 0 1
cfn=(1952) 0x0000000000003000
calls=1 0 
0 5 1 0 1
0 3 2 1

fn=(1374)
0 12 1 0 3 0 0 3

fn=(1952)
0 5 1 0 1

fn=(1366) (below main)
0 12 2 3 1 1 0 1
cob=(2)
cfi=(230)
cfn=(1368)
calls=1 242 
0 1522141743 584473920 115835641 1686 18876768 384259 787 121 23386

fl=(235)
fn=(1558) escribir(std::__cxx11::basic_string<char, std::char_traits<char>, std::allocator<char> >, double**, int, int, int, int)
272 22 0 14 2 0 2 1
fi=(258) /usr/include/c++/15/bits/basic_ios.h
477 4
fe=(235)
272 2 0 2
fi=(258)
477 2
fe=(235)
272 8 2 4 2 0 0 1
fi=(258)
477 4 0 4 0 0 2
cob=(4)
cfi=(192)
cfn=(1560) 0x00000000040022f0
calls=2 0 
* 178 24 58 10 10 5
* 4
fi=(265) /usr/include/c++/15/bits/ostream.h
-36 2
fi=(258)
+36 2 0 2
-1 4 0 2
fi=(265)
-35 2 2 0 0 2
fi=(258)
+36 4 0 4 2 0 0 1
fi=(265)
-36 6 4 2 0 2 2
fi=(258)
+35 2 0 2
fi=(265)
-35 6 0 4
cob=(4)
cfi=(192)
cfn=(1564) 0x0000000004002450
calls=2 0 
* 342 124 68 19 30 2
fi=(259) /usr/include/c++/15/fstream
834 12 0 6 2 0 0 1
cob=(4)
cfi=(192)
cfn=(1568) 0x00000000040023d0
calls=2 0 
* 1043 321 202 16 47 30 9 2
+1 6 0 2
cob=(4)
cfi=(192)
cfn=(1564)
calls=2 0 
* 342 124 68
fe=(235)
275 4 4
fi=(236) /usr/include/c++/15/bits/basic_string.h
-70 2
+29 2 0 2
3822 2
fi=(238) /usr/include/c++/15/bits/char_traits.h
352 4 0 4 1 0 0 1
fi=(236)
3822 2
205 6 0 4
3822 2 0 2
cob=(4)
cfi=(192)
cfn=(1578) 0x00000000040024a0
calls=2 0 
* 1353 371 181 12 16 1 7
422 8 2
1570 8 0 2 2 0 0 1
cob=(4)
cfi=(192)
cfn=(1588) 0x0000000004002300
calls=2 0 
* 1112 357 180 16 41 0 5 2
422 8 2
1570 8 2 2
cob=(4)
cfi=(192)
cfn=(1588)
calls=2 0 
* 94 26 16
422 8 2 0 2 0 0 1
1585 8 0 2
cob=(4)
cfi=(192)
cfn=(1588)
calls=2 0 
* 1697 454 235 18 15 4 10 1
209 2
+48 2
-48 2 0 2
+30 2 2
+41 4
-51 2 0 2
+37 4 2 2 2 0 0 1
-37 2 0 2
+5 2 2
fi=(259)
345 4
fi=(236)
234 2 0 2
fi=(259)
345 2 2
fi=(238)
+7 2 0 2
fi=(236)
234 2 0 2
fi=(259)
345 2 0 2
cob=(4)
cfi=(192)
cfn=(1602) 0x0000000004002380
calls=2 0 
* 5404 1537 921 105 77 22 59 12
982 6 4 0 0 2
+38 4 0 0 2 0 0 1
+5 4 0 2
cob=(4)
cfi=(192)
cfn=(1662) 0x00000000040024d0
calls=2 0 
* 22 8 2 4 0 0 2
fi=(236)
239 2 2
+41 4
+25 4 2
fi=(310) /usr/include/c++/15/bits/new_allocator.h
172 2 0 2
cob=(4)
cfi=(192)
cfn=(1666) 0x00000000040023c0
calls=2 0 
* 86 24 8
fi=(236)
+67 2 2
+41 4 2
fe=(235)
-4 6 2 0 2 0 0 1
fi=(265)
739 8 0 2
cob=(4)
cfi=(192)
cfn=(1482) 0x00000000040023f0
calls=2 0 
* 1400 442 216 30 18 0 16 1
* 8 0 2
cob=(4)
cfi=(192)
cfn=(1482)
calls=2 0 
* 340 118 60 0 2 2 0 1
* 8 0 2 2 0 0 1
cob=(4)
cfi=(192)
cfn=(1482)
calls=2 0 
* 344 118 60 1 2 0 1 1
fe=(235)
284 10 2
+1 6 0 2
cob=(4)
cfi=(192)
cfn=(1684) 0x00000000040024e0
calls=2 0 
* 2622 770 376 31 31 0 22 1
* 108 0 36
cob=(4)
cfi=(192)
cfn=(1684)
calls=36 0 
* 13288 3484 1972 0 0 2
fi=(265)
739 152 0 38
cob=(4)
cfi=(192)
cfn=(1482)
calls=38 0 
* 6650 2204 1102 0 2 0 0 1
fe=(235)
284 38 0 0 2 0 0 1
+2 38
-2 76
+4 6 0 2
cob=(4)
cfi=(192)
cfn=(1684)
calls=2 0 
* 744 194 110
fi=(265)
739 8 0 2
cob=(4)
cfi=(192)
cfn=(1482)
calls=2 0 
* 354 118 60
* 8 0 2
cob=(4)
cfi=(192)
cfn=(1482)
calls=2 0 
* 344 118 60
fe=(235)
297 2 2 0 2 0 0 1
-3 4 2
-1 4
+1 2
-1 6
+1 2 2
fi=(265)
-62 6 2 2 0 2
cob=(4)
cfi=(192)
cfn=(1716) 0x00000000040024b0
calls=2 0 
* 7941 2149 1217 312 103 42 157 35
fe=(235)
+62 36 36
fi=(265)
-62 108 36 36 0 3
cob=(4)
cfi=(192)
cfn=(1716)
calls=36 0 
* 72033 16768 11445 26 0 5 13
739 152 0 38 2 0 0 1
cob=(4)
cfi=(192)
cfn=(1482)
calls=38 0 
* 6650 2204 1102
fe=(235)
293 114
+4 4 4
fi=(265)
-65 6 2 2
cob=(4)
cfi=(192)
cfn=(1716)
calls=2 0 
* 3558 844 592
739 8 0 2
cob=(4)
cfi=(192)
cfn=(1482)
calls=2 0 
* 354 118 60
* 8 0 2 2 0 0 1
cob=(4)
cfi=(192)
cfn=(1482)
calls=2 0 
* 344 118 60 0 2 0 0 1
* 8 0 2
cob=(4)
cfi=(192)
cfn=(1482)
calls=2 0 
* 340 118 60 0 0 1
* 8 0 2
cob=(4)
cfi=(192)
cfn=(1482)
calls=2 0 
* 340 118 60 0 0 1
* 8 0 2 2 0 0 1
cob=(4)
cfi=(192)
cfn=(1482)
calls=2 0 
* 344 118 60
fe=(235)
303 6 2 2
cob=(4)
cfi=(192)
cfn=(1684)
calls=2 0 
* 718 192 108 2
fi=(265)
739 8 0 2
cob=(4)
cfi=(192)
cfn=(1482)
calls=2 0 
* 354 118 60
* 8 0 2
cob=(4)
cfi=(192)
cfn=(1482)
calls=2 0 
* 344 118 60 0 0 1
fi=(259)
1053 4 0 2 2 0 0 1
cob=(4)
cfi=(192)
cfn=(1800) 0x00000000040022d0
calls=2 0 
* 9620 3058 1576 175 107 0 73 22
* 4
918 2
261 2
918 12 2 4 0 2
261 2 0 2 2 0 0 1
cob=(4)
cfi=(192)
cfn=(1800)
calls=2 0 
* 44 14 6 2 0 0 1
+3 4 0 2
cob=(4)
cfi=(192)
cfn=(1878) 0x0000000004002510
calls=2 0 
* 60 20 10
fi=(287) /usr/include/c++/15/streambuf
-57 8 0 4
cob=(4)
cfi=(192)
cfn=(1884) 0x0000000004002460
calls=2 0 
* 16 8 0 2
fi=(265)
101 2 2
fi=(258)
296 2 2
fi=(265)
101 8 4 4 2 0 0 1
fi=(258)
296 6 0 4
cob=(4)
cfi=(192)
cfn=(1886) 0x0000000004002310
calls=2 0 
* 1780 573 288 14 20 0 8 2
fe=(235)
+13 22 18 0 2 0 0 1

fn=(1906) escribirComparacion(std::__cxx11::basic_string<char, std::char_traits<char>, std::allocator<char> >*, std::__cxx11::basic_string<char, std::char_traits<char>, std::allocator<char> >, double**, int, int, int, int)
223 11 0 7 1 0 0 1
fi=(258)
477 2 0 0 1 0 0 1
fe=(235)
223 1 0 1
fi=(258)
477 1
fe=(235)
223 3 1 1
fi=(258)
477 2 0 2
cob=(4)
cfi=(192)
cfn=(1560)
calls=1 0 
* 89 12 29 5
* 1
-1 1
fi=(265)
-35 1
fi=(258)
+36 2 0 1 1 0 0 1
fi=(265)
-36 1 1
fi=(258)
+35 1 0 1
+1 2 0 2
fi=(265)
-36 3 2 1
fi=(258)
+35 1 0 1 1 0 0 1
fi=(265)
-35 3 0 2
cob=(4)
cfi=(192)
cfn=(1564)
calls=1 0 
* 171 62 34 5
fi=(259)
834 8 0 4 1 0 0 1
cob=(4)
cfi=(192)
cfn=(1568)
calls=1 0 
* 93 25 34 7
+1 3 0 1
cob=(4)
cfi=(192)
cfn=(1564)
calls=1 0 
* 171 62 34
981 4 1 1
cob=(4)
cfi=(192)
cfn=(1602)
calls=1 0 
* 895 200 180 25 0 1
+1 3 2
-1 2
+5 2 0 1 1 0 0 1
cob=(4)
cfi=(192)
cfn=(1662)
calls=1 0 
* 11 4 1
fe=(235)
227 4 1 1
fi=(265)
739 4 0 1
cob=(4)
cfi=(192)
cfn=(1482)
calls=1 0 
* 244 80 41 7
* 4 0 1 1 0 0 1
cob=(4)
cfi=(192)
cfn=(1482)
calls=1 0 
* 170 59 30
* 4 0 1
cob=(4)
cfi=(192)
cfn=(1482)
calls=1 0 
* 172 59 30
fe=(235)
235 7 1 1
+1 3 0 1
cob=(4)
cfi=(192)
cfn=(1684)
calls=1 0 
* 359 96 54
* 54 0 18
cob=(4)
cfi=(192)
cfn=(1684)
calls=18 0 
* 6644 1742 986
fi=(265)
739 76 0 19 1 0 0 1
cob=(4)
cfi=(192)
cfn=(1482)
calls=19 0 
* 3325 1102 551
fe=(235)
237 19 19
-2 57 19
+4 3 0 1
cob=(4)
cfi=(192)
cfn=(1684)
calls=1 0 
* 372 97 55
fi=(265)
739 4 0 1
cob=(4)
cfi=(192)
cfn=(1482)
calls=1 0 
* 177 59 30
fe=(235)
243 3 1 0 1 0 0 1
+6 17 2 5 1 0 0 1
-5 1 1
fi=(236)
-39 1 1
+29 1 0 1
3822 2 2
fi=(238)
352 1 0 1
fi=(236)
3822 1 0 0 1 0 0 1
205 1 0 1
3822 1 0 1
cob=(4)
cfi=(192)
cfn=(1578)
calls=1 0 
* 280 59 40 4 3
fe=(235)
244 1 1
fi=(236)
-39 1 1
+29 1 0 1
3822 2 2
fi=(238)
352 1 0 1
fi=(236)
3822 1
205 1 0 1
3822 1 0 1
cob=(4)
cfi=(192)
cfn=(1578)
calls=1 0 
* 108 26 16 2
422 6 2
1570 8 2 2
cob=(4)
cfi=(192)
cfn=(1588)
calls=2 0 
* 60 16 8 2
422 8 2 0 1 0 0 1
1570 8 2 2
cob=(4)
cfi=(192)
cfn=(1588)
calls=2 0 
* 94 26 16
422 8 2
1585 8 2 2 1 0 0 1
cob=(4)
cfi=(192)
cfn=(1588)
calls=2 0 
* 720 170 129 8 1 9 3
209 2
+48 2
-48 2 0 2
+30 2 2
+41 4
-51 2 0 2
+37 4 2 2
-32 2 2 0 1 0 0 1
-5 2 0 2
4370 2
234 4 0 4
fi=(238)
352 2 0 2
fi=(236)
4370 6 4 2
cob=(4)
cfi=(192)
cfn=(1482)
calls=2 0 
* 342 118 60
239 2 2
+41 4
+25 4 2
fi=(310)
172 2 0 2 1 0 0 1
cob=(4)
cfi=(192)
cfn=(1666)
calls=2 0 
* 86 24 8
fi=(236)
+67 2 2
+41 4 2
fe=(235)
-35 10 2
+1 2 2
fi=(265)
-14 6 2 2 1 1 0 1
cob=(4)
cfi=(192)
cfn=(1716)
calls=2 0 
* 4208 976 660 79 0 2
fe=(235)
+14 36 36
fi=(265)
-14 108 36 36 0 1
cob=(4)
cfi=(192)
cfn=(1716)
calls=36 0 
* 72033 16768 11445 7 0 1
739 152 0 38
cob=(4)
cfi=(192)
cfn=(1482)
calls=38 0 
* 6650 2204 1102 0 0 1
fe=(235)
245 114
+4 2 2
fi=(265)
-17 8 4 2
cob=(4)
cfi=(192)
cfn=(1716)
calls=2 0 
* 3558 844 592
739 8 0 2 1 0 0 1
cob=(4)
cfi=(192)
cfn=(1482)
calls=2 0 
* 354 118 60
fe=(235)
243 8 2
fi=(236)
422 3
fe=(235)
254 1 1
fi=(236)
3822 1
205 1 0 1
+29 2 1 1 1 0 0 1
fi=(310)
92 1 1
fi=(238)
352 1 0 1
fi=(236)
3822 2 0 1
cob=(4)
cfi=(192)
cfn=(1578)
calls=1 0 
* 104 26 15 2
fe=(235)
254 1 1
fi=(236)
3822 1
205 1 0 1
+29 2 1 1
fi=(310)
92 1 1
fi=(238)
352 1 0 1
fi=(236)
3822 2 0 1
cob=(4)
cfi=(192)
cfn=(1578)
calls=1 0 
* 104 26 15
422 8 2
1570 8 0 2 1 0 0 1
cob=(4)
cfi=(192)
cfn=(1588)
calls=2 0 
* 98 26 16
422 8 2
1570 8 0 2
cob=(4)
cfi=(192)
cfn=(1588)
calls=2 0 
* 94 26 16
4370 8 4 2
cob=(4)
cfi=(192)
cfn=(1482)
calls=2 0 
* 340 118 60 0 0 1
239 2 2 0 1 0 0 1
+41 4
+25 4 2
fi=(310)
172 2 0 2
cob=(4)
cfi=(192)
cfn=(1666)
calls=2 0 
* 86 24 8
fi=(265)
739 8 0 2
cob=(4)
cfi=(192)
cfn=(1482)
calls=2 0 
* 340 118 60 0 1 1 0 1
fe=(235)
256 2 2
fi=(236)
3822 2
205 2 0 2
+29 4 2 2 1 0 0 1
fi=(310)
92 2 2
fi=(238)
352 2 0 2
fi=(236)
3822 4 0 2
cob=(4)
cfi=(192)
cfn=(1578)
calls=2 0 
* 216 52 32
422 8 2
1570 8 0 2 1 0 0 1
cob=(4)
cfi=(192)
cfn=(1588)
calls=2 0 
* 102 26 16
422 8 2
1570 8 0 2
cob=(4)
cfi=(192)
cfn=(1588)
calls=2 0 
* 94 26 16
4370 8 4 2
cob=(4)
cfi=(192)
cfn=(1482)
calls=2 0 
* 340 118 60 0 0 1
239 2 2
+41 4 0 0 1 0 0 1
+25 4 2
fi=(310)
172 2 0 2
cob=(4)
cfi=(192)
cfn=(1666)
calls=2 0 
* 86 24 8
fi=(265)
739 8 0 2
cob=(4)
cfi=(192)
cfn=(1482)
calls=2 0 
* 354 118 60
fe=(235)
253 10 4 4 1 0 0 1
fi=(265)
739 4 0 1
cob=(4)
cfi=(192)
cfn=(1482)
calls=1 0 
* 170 59 30 0 0 1
* 4 0 1
cob=(4)
cfi=(192)
cfn=(1482)
calls=1 0 
* 170 59 30
fe=(235)
262 3 1 1
cob=(4)
cfi=(192)
cfn=(1684)
calls=1 0 
* 359 96 54 1
fi=(265)
739 3 0 0 1 0 0 1
fe=(235)
262 1
fi=(265)
739 1 0 1
cob=(4)
cfi=(192)
cfn=(1482)
calls=1 0 
* 172 59 30
fe=(235)
264 3 1 1
cob=(4)
cfi=(192)
cfn=(1684)
calls=1 0 
* 359 96 54
fi=(265)
739 4 0 1
cob=(4)
cfi=(192)
cfn=(1482)
calls=1 0 
* 177 59 30
* 4 0 1 1 0 0 1
cob=(4)
cfi=(192)
cfn=(1482)
calls=1 0 
* 172 59 30
fi=(259)
1053 2 1 1
cob=(4)
cfi=(192)
cfn=(1800)
calls=1 0 
* 942 277 168 50
* 2
918 1
261 1 1
918 6 1 2 1 0 0 1
261 1 0 1
cob=(4)
cfi=(192)
cfn=(1800)
calls=1 0 
* 22 7 3 1
+3 2 0 1
cob=(4)
cfi=(192)
cfn=(1878)
calls=1 0 
* 30 10 5
fi=(287)
-57 4 0 2
cob=(4)
cfi=(192)
cfn=(1884)
calls=1 0 
* 8 4 0 1
fi=(265)
101 1 1
fi=(258)
296 1 1 0 1 0 0 1
fi=(265)
101 4 2 2
fi=(258)
296 3 0 2
cob=(4)
cfi=(192)
cfn=(1886)
calls=1 0 
* 59 19 10 1
fe=(235)
-25 11 9 0 1 0 0 1

fn=(1516) primerMetodo(int, int, int, int, double**, double**, double**)
185 180 20 120 1 0 0 1
+3 200 0 40 1 0 0 1
+1 40
+1 160 60 20 1 1 0 1
-2 20
+2 20 0 20
cob=(4)
cfi=(192)
cfn=(1518) 0x0000000004002340
calls=20 0 
* 1684 60 768 3 20 351 0 0 20
* 8640 5760 0 0 261
-2 2880
+2 2880 0 2880
cob=(4)
cfi=(192)
cfn=(1518)
calls=2880 0 
* 270986 8640 126872 0 0 60506 0 0 21335
-2 5800
+13 180 20 0 0 17
+2 23200 8700 0 1 8182 0 1
+2 23200 11600 0 1 4242 0 1
-2 2900
+2 5800 0 2900
-2 5800
+2 3872800 1936400 0 0 157460
-2 484100
+2 968200 0 484100
-2 968200
+2 268239000 268239000 0 0 17449877
-2 89413000
+2 178826000 0 89413000
-2 178826000
-2 1461000
-1 8700
+13 160 140 0 0 37

fn=(1902) segundoMetodo(int, int, int, int, double**, double**, double**)
158 180 20 120 1 0 0 1
+2 220 0 20
+1 40 0 0 1 0 0 1
+1 200 20 40 0 1
-2 40 0 20
+2 20 0 20
cob=(4)
cfi=(192)
cfn=(1518)
calls=20 0 
* 1670 60 760 3 20 356
* 8640 2880 0 0 265
-2 5760 0 2880
+2 2880 0 2880
cob=(4)
cfi=(192)
cfn=(1518)
calls=2880 0 
* 271000 8640 126880 0 0 60503
-2 8800 2940 0 1 0 0 1
+8 40
+1 20 20
-1 100
+1 40
-1 55
fi=(288) /usr/include/c++/15/bits/stl_algobase.h
+71 110 0 55
fe=(235)
-71 55
fi=(288)
+71 1045 0 55 1 0 0 1
fe=(235)
-68 110 0 0 1 0 0 1
fi=(288)
+68 1482 0 114
fe=(235)
-68 1008
fi=(288)
+68 559 559
fe=(235)
-70 2236 0 1118 0 0 17
fi=(288)
+70 2236 0 559
fe=(235)
-67 60140 30070
+5 30070 30070 0 0 4738
fi=(288)
+62 60140
fe=(235)
-66 30070 0 0 1 0 0 1
+1 60140
-1 1605830
+1 3211660
-1 1635900 0 1635900
+2 3271800 1635900 0 0 3924
-2 3271800
+2 4907700 4907700 0 0 40865
-1 1635900
+1 1635900
-1 3271800
+1 264792300 264792300 0 0 960101
-1 88264100
+1 88264100
-1 178164100 1635900
+3 3271800 1635900 1635900 1 225685 0 1
-5 4937770
-1 91887 1677 0 0 468
-2 1677 559
-1 1525 169 0 1 0 0 1
+16 160 140 0 0 20
-24 220 55 0 1 0 0 1
+7 165

ob=(6)
fl=(205)
fn=(694)
0 140 12 10 15 0 0 15

ob=(8)
fl=(235)
fn=(1902)
169 35 35
-2 35
+2 70 0 0 1

fn=(1392)
19 9 0 6 2 0 0 2
+4 4 1 2
cob=(4)
cfi=(192)
cfn=(1394) 0x00000000040022b0
calls=1 -23 
* 848 277 161 10 10 0 8 1
+2 1
-2 2 0 1
+2 1 0 1
cob=(4)
cfi=(192)
cfn=(1394)
calls=1 -25 
* 190 35 20 0 2 1 0 1 1
* 4 0 3 1 0 0 1
cob=(4)
cfi=(192)
cfn=(1394)
calls=1 -25 
* 190 35 20 0 0 1 0 0 1
fi=(236)
714 1
205 1
fe=(235)
25 1 0 1
fi=(236)
714 1
fe=(235)
25 1 0 1
+10 4 0 2
fi=(236)
205 3 0 2 1 0 0 1
714 1 0 1
cfi=(237) /usr/include/c++/15/bits/basic_string.tcc
cfn=(1406) void std::__cxx11::basic_string<char, std::char_traits<char>, std::allocator<char> >::_M_construct<char const*>(char const*, char const*, std::forward_iterator_tag) [clone .isra.0]
calls=1 227 
* 249 50 33 8 2 0 8 1
205 1
714 1
205 1 0 1
714 5 0 2
cfi=(237)
cfn=(1406)
calls=1 227 
* 249 50 33 0 0 1 0 0 1
* 3 1 2 1 0 0 1
fi=(241) /usr/include/c++/15/ostream
67 4 3 0 0 1
fi=(258)
-16 2
fi=(241)
+16 4 3 0 1 3
fi=(258)
-16 2
fi=(240) /usr/include/c++/15/bits/locale_facets.h
884 4 2
fi=(241)
67 6 2 2 2 0 0 1
cob=(4)
cfi=(192)
cfn=(1424) 0x00000000040022c0
calls=2 -67 
* 2359 742 395 69 33 4 47 10 1
+22 4 0 2
cob=(4)
cfi=(192)
cfn=(1466) 0x0000000004002360
calls=2 -89 
* 1074 384 183 34 19 0 17 5
fi=(236)
4370 10 6 2
cob=(4)
cfi=(192)
cfn=(1482)
calls=2 0 
* 1466 463 217 47 15 0 25 2
* 4
fi=(241)
67 6 6
fi=(258)
-16 4 0 0 1 0 0 1
fi=(240)
884 4 2
fi=(241)
67 6 2 2
cob=(4)
cfi=(192)
cfn=(1424)
calls=2 -67 
* 520 156 74
+22 4 0 2
cob=(4)
cfi=(192)
cfn=(1466)
calls=2 -89 
* 266 106 40
-22 10 0 4 2 0 0 1
fe=(235)
-3 4 0 2
cob=(4)
cfi=(192)
cfn=(1394)
calls=2 -64 
* 244 47 26 7 4 1 0 1 1
* 76 0 38
cob=(4)
cfi=(192)
cfn=(1394)
calls=38 -64 
* 7201 1189 774 14 166 33 14
* 200 0 40
+2 80 0 40
cob=(4)
cfi=(192)
cfn=(1394)
calls=40 -66 
* 5925 1104 708 3 8 34 3 0 1
* 11520 0 5760
cob=(4)
cfi=(192)
cfn=(1394)
calls=5760 -66 
* 977945 178978 115911 32 153 5230 3 0 49
-1 5800
+1 5800 0 5800 0 0 271 0 0 6
-1 17400 0 0 2 0 0 1
+3 80 0 40
cob=(4)
cfi=(192)
cfn=(1394)
calls=40 -68 
* 6938 1272 808 0 0 31 0 0 1
* 240 0 120
+2 80 0 40
cob=(4)
cfi=(192)
cfn=(1394)
calls=40 -70 
* 6938 1272 808 0 0 31 0 0 1
* 11520 0 5760
cob=(4)
cfi=(192)
cfn=(1394)
calls=5760 -70 
* 985201 180687 116317 1 3 5197 1 0 57
* 5800 0 5800 0 0 619 0 0 5
-1 17520 5880 0 2 0 0 1
+5 40 0 40
-6 80
+7 40 0 40
cob=(4)
cfi=(192)
cfn=(1502) 0x00000000040022e0
calls=40 -75 
* 2202 720 360 12 135 0 6
-1 5760 0 5760
-6 11520
+7 5760 0 5760
cob=(4)
cfi=(192)
cfn=(1502)
calls=5760 -75 
* 316615 103680 51840
* 968200 0 968200
cob=(4)
cfi=(192)
cfn=(1502)
calls=968200 -75 
* 53219777 17427600 8713800 2 66 0 1 2
* 11688000 974000 974000 2 577 121121 1 0 275
-1 2922000
-1 23440 5880 40 2 34 0 1
+11 120 0 40
+1 40 0 40
cob=(4)
cfi=(192)
cfn=(1502)
calls=40 -85 
* 2199 720 360
-1 17280 0 5760
+1 5760 0 5760
cob=(4)
cfi=(192)
cfn=(1502)
calls=5760 -85 
* 316615 103680 51840
* 968200 0 968200
cob=(4)
cfi=(192)
cfn=(1502)
calls=968200 -85 
* 53219754 17427600 8713800
* 12662000 1948000 974000 2 703 122895 1 0 329
-1 2922000
-1 17400
+13 80 0 40 2 0 0 1
cob=(4)
cfi=(192)
cfn=(1394)
calls=40 -96 
* 6916 1266 800 0 323 117 0 0 3
* 240 0 40 0 0 34
+2 120 0 80
cob=(4)
cfi=(192)
cfn=(1394)
calls=40 -98 
* 6916 1266 800 0 0 40 0 0 3
* 17280 0 11520
cob=(4)
cfi=(192)
cfn=(1394)
calls=5760 -98 
* 984516 180614 116112 18 193 5792 0 0 1260
* 11600 5800 5800 0 0 693 0 0 17
-1 17400 0 0 2 0 0 1
+3 40 0 40
cob=(4)
cfi=(192)
cfn=(1510) 0x0000000004002350
calls=40 0 
* 1480 440 120 8 89 0 4
* 40
+2 80 40
-2 40
+2 80 40
-2 40 0 40
+2 240 160 80 2 0 0 1
cfn=(1902)
calls=20 +56 
* 652787340 274685614 3407321 13 1236087 60876 9
cfn=(1516)
calls=20 +83 
* 723421730 270210400 90030720 8 17620097 60857 5 0 21355
* 80 80
+2 40 0 40
cob=(4)
cfi=(192)
cfn=(1510)
calls=40 0 
* 1480 440 120 0 160
* 120 0 40 0 0 40
+5 40
+1 23200 5800 5800 0 673
cob=(4)
cfi=(192)
cfn=(1520) 0x0000000004002440
calls=5800 0 
* 1006596 301785 162019 30 6540 68 29 2 12
-1 17520 80 0 2 40 0 1
+4 23200 5800 5800 0 173
cob=(4)
cfi=(192)
cfn=(1520)
calls=5800 0 
* 1042477 312889 168038 0 2872 16
-1 23240
+4 23200 5800 5800 2 666 0 1
cob=(4)
cfi=(192)
cfn=(1520)
calls=5800 0 
* 1046752 314108 168478 6 5985 45 4
-1 17400
+3 40 40 0 0 7
-57 40
+57 40 0 40
cob=(4)
cfi=(192)
cfn=(1520)
calls=40 0 
* 7275 2138 1078 0 24
+1 80 40 40
cob=(4)
cfi=(192)
cfn=(1520)
calls=40 0 
* 8964 2771 1280 1 3 0 1
+1 80 40 40
cob=(4)
cfi=(192)
cfn=(1520)
calls=40 0 
* 12063 3547 1643 1 13 2 1
+4 80 80 0 2 0 0 1
+2 40 0 40
-3 40 40
+1 80 80 0 0 40
-1 80 80 0 0 40
+1 40 0 40 0 0 40 0 0 4
-63 160 40 40 2 0 0 1
fi=(236)
617 2 2
209 6 2
617 2
209 2 0 2
617 6 4 2 1 2 0 1
cfi=(237)
cfn=(1552) void std::__cxx11::basic_string<char, std::char_traits<char>, std::allocator<char> >::_M_construct<true>(char const*, unsigned long)
calls=2 286 
* 509 78 57 5 21 4 3
fe=(235)
130 14 2 2
cfn=(1558)
calls=2 272 
* 143897 37752 23009 834 536 124 403 82
fi=(236)
239 2 2 0 2
+41 4
+25 4 2 0 2 0 0 1
fi=(310)
172 2 0 2
cob=(4)
cfi=(192)
cfn=(1666)
calls=2 0 
* 86 24 8
fe=(235)
57 12 2 4
fi=(236)
617 3 2
209 1 0 1 1 0 0 1
617 1 0 1
cfi=(237)
cfn=(1552)
calls=1 286 
* 108 22 16 6
fe=(235)
134 10 2 2
cfn=(1906)
calls=1 +89 
* 107508 26772 17297 236 7 18 32 1
* 1 1 0 1
fi=(236)
896 1
fe=(235)
36 1
+98 1 1
fi=(236)
896 1 0 1 1 0 0 1
cob=(4)
cfi=(192)
cfn=(1918) 0x0000000004002420
calls=1 0 
* 48 13 4 1 0 0 1
fe=(235)
136 2 1 1
cob=(4)
cfi=(192)
cfn=(1520)
calls=1 0 
* 43 12 4
* 2 1 1
cob=(4)
cfi=(192)
cfn=(1520)
calls=1 0 
* 43 12 4
+2 2 0 1
cob=(4)
cfi=(192)
cfn=(1520)
calls=1 0 
* 43 12 4
36 2
fi=(236)
239 2 2
+41 6
+25 4 2 0 0 1
fi=(310)
172 2 0 2 1 0 0 1
cob=(4)
cfi=(192)
cfn=(1666)
calls=2 0 
* 86 24 8
fe=(235)
-31 4 2

ob=(6)
fl=(205)
fn=(694)
0 44 1 9 6 0 0 6

fn=(2062) 0x0000000000005cd0
0 3 1 0 1 1

ob=(8)
fl=(235)
fn=(1392)
141 12 9 0 0 1

fl=(237)
fn=(1552)
286 18 0 6 2 0 0 1
+3 6
fi=(238)
429 9 0 3
cob=(4)
cfi=(192)
cfn=(1414) 0x0000000004002370
calls=3 0 
* 39 12 6 1 4 1
fe=(237)
300 3 3
fi=(236)
-66 3 0 3
fe=(237)
+69 12 6 3 1 0 0 1
-12 9 0 3
cob=(4)
cfi=(192)
cfn=(1410) 0x0000000004002500
calls=3 0 
* 485 73 43 6 17 3
fi=(236)
450 3 3
229 3 0 3
fe=(237)
+62 3
+1 3 3
fi=(236)
450 3
266 3 0 3
fe=(237)
+32 3 0 0 1 0 0 1
fi=(236)
450 3
fi=(238)
-27 9
fe=(237)

fn=(1406)
227 2 0 2 1 0 0 1
fi=(311) /usr/include/c++/15/bits/stl_iterator_base_funcs.h
108 2
fe=(237)
227 2
fi=(311)
108 2
fe=(237)
227 8 2 2
+4 2 0 2
+2 4
fi=(236)
+1 2 0 2
fi=(238)
352 2 0 2
fe=(237)
-94 12 8
fi=(238)
423 2 0 2 1 0 0 1
fe=(237)
235 8 0 4 1 0 0 1
cob=(4)
cfi=(192)
cfn=(1410)
calls=2 0 
* 400 72 40 2 0 1 2 0 1
* 4 4
fi=(236)
-6 2 0 2
fe=(237)
+6 2
fi=(236)
+31 4 2 2
fi=(238)
429 6 0 2
cob=(4)
cfi=(192)
cfn=(1414)
calls=2 0 
* 26 8 4 3 2 0 3 1
fe=(237)
257 2 2
fi=(236)
-18 2 2
fi=(238)
429 2
fe=(237)

ob=(6)
fl=(205)
fn=(2062)
0 6 2 2 0 1
cob=(4)
cfi=(192)
cfn=(2068) 0x0000000004afa3c0
calls=1 0 
0 97 23 12 1 0 0 1
0 1 0 1
cfn=(2072)
calls=1 0 
0 5 1 0 2 0 0 1
0 3 2 1 1

fn=(2050) 0x00000000000049b0
0 5 0 2 2 0 0 1
cfn=(2052)
calls=1 0 
0 16 6 4 1 1 0 1
0 2 0 1
cfn=(2052)
calls=1 0 
0 16 6 4
0 3 2 1

ob=(3) /usr/lib/x86_64-linux-gnu/libm.so.6
fl=(154) ./math/../sysdeps/x86_64/fpu/multiarch/s_sincosf.c
fn=(494) sincosf
28 1 0 0 1 0 0 1
fi=(146) ./math/../sysdeps/x86_64/fpu/multiarch/ifunc-fma.h
+1 4 2 0 1 0 0 1
+1 4 1
fe=(154)
-2 1 1

fl=(179) ./math/../sysdeps/x86_64/fpu/multiarch/s_trunc.c
fn=(580) trunc
33 1 0 0 1 0 0 1
fi=(312) ./math/../sysdeps/x86_64/fpu/multiarch/ifunc-sse4_1.h
-4 5 2 0 1 0 0 1
fe=(179)
+4 1 1

fl=(163) ./math/../sysdeps/x86_64/fpu/multiarch/s_atan.c
fn=(522) atan
28 1 0 0 1 0 0 1
fi=(149) ./math/../sysdeps/x86_64/fpu/multiarch/ifunc-avx-fma4.h
+4 5 2
+1 2 1 0 1 0 0 1
fe=(163)
-5 1 1

fl=(158) ./math/../sysdeps/x86_64/fpu/multiarch/e_pow.c
fn=(506) __pow_finite@GLIBC_2.15
29 1 0 0 1 0 0 1
fi=(159) ./math/../sysdeps/x86_64/fpu/multiarch/ifunc-fma4.h
+2 4 2 0 1 0 0 1
+1 2 1
fe=(158)
-3 1 1

fl=(167) ./math/../sysdeps/x86_64/fpu/multiarch/s_floorf.c
fn=(536) floorf
33 1 0 0 1 0 0 1
fi=(312)
-4 5 2 0 1 0 0 1
fe=(167)
+4 1 1

fl=(153) ./math/../sysdeps/x86_64/fpu/multiarch/e_log2.c
fn=(490) log2@@GLIBC_2.29
29 5 2 0 1 0 0 1
fi=(146)
+1 4 1 0 1 0 0 1
fe=(153)
-1 1 1

fl=(173) ./math/../sysdeps/x86_64/fpu/multiarch/e_sinh.c
fn=(556) __sinh_finite@GLIBC_2.15
28 1 0 0 1 0 0 1
fi=(146)
+1 4 2
+1 4 1 0 1 0 0 1
fe=(173)
-2 1 1

fl=(162) ./math/../sysdeps/x86_64/fpu/multiarch/e_log.c
fn=(518) __log_finite@GLIBC_2.15
29 1 0 0 1 0 0 1
fi=(149)
+3 5 2
+1 2 1 0 1 0 0 1
fe=(162)
-4 1 1

fl=(171) ./math/../sysdeps/x86_64/fpu/multiarch/e_exp2f.c
fn=(550) exp2f@@GLIBC_2.27
29 5 2 0 1 0 0 1
fi=(146)
+1 4 1
fe=(171)
-1 1 1

fl=(165) ./math/../sysdeps/x86_64/fpu/multiarch/s_sinf.c
fn=(530) sinf
28 1 0 0 1 0 0 1
fi=(146)
+1 4 2
+1 4 1
fe=(165)
-2 1 1

fl=(161) ./math/../sysdeps/x86_64/fpu/multiarch/s_log1p.c
fn=(514) __log1p
28 1 0 0 1 0 0 1
fi=(146)
+1 4 2
+1 4 1 0 1 0 0 1
fe=(161)
-2 1 1

fl=(170) ./math/../sysdeps/x86_64/fpu/multiarch/s_expm1.c
fn=(546) expm1
28 1 0 0 1 0 0 1
fi=(146)
+1 4 2 0 1 0 0 1
+1 4 1
fe=(170)
-2 1 1

fl=(147) ./math/../sysdeps/x86_64/fpu/multiarch/s_cosf.c
fn=(470) cosf
28 1 0 0 1 0 0 1
fi=(146)
+1 4 2
+1 4 1 0 1 0 0 1
fe=(147)
-2 1 1

fl=(175) ./math/../sysdeps/x86_64/fpu/multiarch/s_roundevenf.c
fn=(564) roundevenf
32 1 0 0 1 0 0 1
fi=(312)
-3 5 2 0 1 0 0 1
fe=(175)
+3 1 1

fl=(164) ./math/../sysdeps/x86_64/fpu/multiarch/e_asin.c
fn=(542) __asin_finite@GLIBC_2.15
29 1 0 0 1 0 0 1
fi=(159)
+2 4 2
+1 2 1
fe=(164)
-3 1 1

fn=(526) __acos_finite@GLIBC_2.15
37 1 0 0 1 0 0 1
fi=(159)
-6 4 2
+1 2 1
fe=(164)
+5 1 1 0 1 0 0 1

fl=(150) ./math/../sysdeps/x86_64/fpu/multiarch/s_sin.c
fn=(570) sin
29 1 0 0 1 0 0 1
fi=(149)
+3 5 2
+1 2 1
fe=(150)
-4 1 1

fn=(478) cos
36 1 0 0 1 0 0 1
fi=(149)
-4 5 2
+1 2 1
fe=(150)
+3 1 1 0 1 0 0 1

fl=(177) ./math/../sysdeps/x86_64/fpu/multiarch/s_fmaf.c
fn=(574) fmaf
44 6 3 0 2 0 0 2

fl=(166) ./math/../sysdeps/x86_64/fpu/multiarch/s_fma.c
fn=(534) fma
49 6 3 0 1 0 0 1

fl=(178) ./math/../sysdeps/x86_64/fpu/multiarch/s_sincos.c
fn=(576) sincos
29 1 0 0 1 0 0 1
fi=(159)
+2 4 2
+1 2 1
fe=(178)
-3 1 1

fl=(148) ./math/../sysdeps/x86_64/fpu/multiarch/e_exp.c
fn=(474) __exp_finite@GLIBC_2.15
29 1 0 0 1 0 0 1
fi=(149)
+3 5 2 0 1 0 0 1
+1 2 1
fe=(148)
-4 1 1

fl=(152) ./math/../sysdeps/x86_64/fpu/multiarch/s_tan.c
fn=(486) tan
28 1 0 0 1 0 0 1
fi=(149)
+4 5 2
+1 2 1
fe=(152)
-5 1 1 0 1 0 0 1

fl=(169) ./math/../sysdeps/x86_64/fpu/multiarch/s_roundeven.c
fn=(540) roundeven
32 1 0 0 1 0 0 1
fi=(312)
-3 5 2
fe=(169)
+3 1 1

fl=(157) ./math/../sysdeps/x86_64/fpu/multiarch/s_ceil.c
fn=(504) ceil
33 1 0 0 1 0 0 1
fi=(312)
-4 5 2 0 1 0 0 1
fe=(157)
+4 1 1

fl=(145) ./math/../sysdeps/x86_64/fpu/multiarch/e_expf.c
fn=(466) expf@@GLIBC_2.27
29 10 4 0 1 0 0 1
fi=(146)
+1 8 2 0 1 0 0 1
fe=(145)
-1 2 2

fl=(172) ./math/../sysdeps/x86_64/fpu/multiarch/s_truncf.c
fn=(554) truncf
33 1 0 0 1 0 0 1
fi=(312)
-4 5 2
fe=(172)
+4 1 1

fl=(176) ./math/../sysdeps/x86_64/fpu/multiarch/e_atan2.c
fn=(566) __atan2_finite@GLIBC_2.15
28 1 0 0 1 0 0 1
fi=(149)
+4 5 2
+1 2 1 0 1 0 0 1
fe=(176)
-5 1 1

fl=(174) ./math/../sysdeps/x86_64/fpu/multiarch/e_atanh.c
fn=(560) __atanh_finite@GLIBC_2.15
28 1 0 0 1 0 0 1
fi=(146)
+1 4 2
+1 4 1 0 1 0 0 1
fe=(174)
-2 1 1

fl=(168) ./math/../sysdeps/x86_64/fpu/multiarch/s_floor.c
fn=(538) floor
33 1 0 0 1 0 0 1
fi=(312)
-4 5 2
fe=(168)
+4 1 1

fl=(204) ???
fn=(2090) 0x0000000000012880
0 5 1 0 1

fn=(684) 0x0000000000012930
0 12 1 0 3 0 0 3

fn=(2080) 0x00000000000128f0
0 9 3 2 2 2
cob=(4)
cfi=(192)
cfn=(2086) 0x0000000004d57310
calls=1 0 
0 97 23 12 1 0 0 1
0 1 0 1
cfn=(2090)
calls=1 0 
0 5 1 0 1
0 3 2 1

fl=(156) ./math/../sysdeps/x86_64/fpu/multiarch/s_ceilf.c
fn=(502) ceilf
33 1 0 0 1 0 0 1
fi=(312)
-4 5 2
fe=(156)
+4 1 1

fl=(160) ./math/../sysdeps/x86_64/fpu/multiarch/e_log2f.c
fn=(510) log2f@@GLIBC_2.27
29 5 2 0 1 0 0 1
fi=(146)
+1 4 1
fe=(160)
-1 1 1

fl=(151) ./math/../sysdeps/x86_64/fpu/multiarch/e_logf.c
fn=(482) logf@@GLIBC_2.27
29 5 2 0 1 0 0 1
fi=(146)
+1 4 1 0 1 0 0 1
fe=(151)
-1 1 1

fl=(155) ./math/../sysdeps/x86_64/fpu/multiarch/e_powf.c
fn=(498) powf@@GLIBC_2.27
32 1 0 0 1 0 0 1
fi=(146)
-3 4 2 0 1 0 0 1
+1 4 1
fe=(155)
+2 1 1

ob=(1)
fl=(44) ./string/../sysdeps/x86_64/multiarch/../multiarch/memcmp-sse2.S
fn=(126) bcmp
59 1 0 0 1 0 0 1
+12 1
+1 1
+22 1
+1 1
+45 1 1 0 1 0 0 1
+1 1 1
+2 1
+1 1
+2 1 1
+1 1 1
+2 1
+1 1
+47 1
+1 1
+1 1
+1 1
+1 1
+1 1 1

fl=(183) ./elf/../sysdeps/nptl/dl-mutex.c
fn=(602) __rtld_mutex_init
30 2 0 1 1
+10 4 0 0 1 0 0 1
-10 3 0 2
+7 1 1
+3 2 0 1
cfi=(184) ./elf/./elf/dl-lookup-direct.c
cfn=(604) _dl_lookup_direct
calls=1 +34 
* 262 54 14 7 7 0 7 5
+4 2
+1 9 3 0 1 0 0 1
+2 5
-2 1 0 1
+2 1 0 1
cfi=(184)
cfn=(604)
calls=1 +27 
* 217 51 14 0 7 0 0 4
* 1
+4 2
+1 6 3 0 1 0 0 1
+1 2 2
-1 1 0 1
+1 2 2

fl=(57) ./io/../sysdeps/unix/sysv/linux/read_nocancel.c
fn=(184) __read_nocancel
25 5 0 0 1 0 0 1
+1 20
+1 5 5 0 1 0 0 1

fl=(66) ./io/../sysdeps/unix/sysv/linux/access.c
fn=(216) access
25 1
+2 7 0 1
+4 1 1

fl=(298) ./elf/../sysdeps/x86_64/tls_get_addr.S
fn=(2024) __tls_get_addr
29 2 0 0 1 0 0 1
+1 2 2
+1 2 2 0 1 1 0 1
+2 2 2 0 0 1
+1 2
+1 2 2 0 0 1
+3 2
+1 2 2
+4 2
+1 2
+1 2 2
+1 2 2

fl=(69) ./io/../sysdeps/unix/sysv/linux/fstatat64.c
fn=(228) fstatat
146 6
-55 6
+70 7
+1 1 1
-2 4 0 2 1 0 0 1
+1 4 2

fl=(51) ./elf/./elf/dl-audit.c
fn=(156) _dl_audit_activity_map
29 1 0 0 1 0 0 1
+2 4 2 0 1 0 0 1

fn=(640) _dl_audit_activity_nsid
41 3 0 0 2
+4 6
+1 3 3 0 2 1 0 1
-1 3 3
+2 15 3

fn=(214) _dl_audit_objopen
77 5 0 0 1 0 0 1
+1 20 10

fn=(1960) _dl_audit_objclose
97 7 0 0 1 0 0 1
+1 28 14

fn=(1382) _dl_audit_preinit
118 1 0 0 1 0 0 1
+1 4 2 0 0 1

fl=(13) ./elf/./elf/dl-sort-maps.c
fn=(26) _dl_sort_maps_init
289 2 0 1 1 0 0 1
+1 2
-1 2 0 0 1 0 0 1
+1 2 0 1
cfi=(11) ./elf/./elf/dl-tunables.c
cfn=(28) __tunable_get_val
calls=1 435 
* 18 4 1 2 2 0 2 2
+2 3 1
-1 1 0 1
+2 2 2

fn=(248) _dl_sort_maps
298 24 0 12 3 0 0 1
+8 2 2 0 0 2
-8 2 0 2
+8 4
-95 2 0 0 2 0 0 1
-28 2
-2 2 0 2
+1 2 2
+29 2
-28 8
+1 2 2 0 2 0 0 1
-1 2
+1 2 0 2
-1 4
+1 12 12
-1 12
+1 12 0 12
-1 24
+28 28 0 2 2 0 0 1
+8 10 2 2
-3 8 0 4
+2 8 0 2 2 0 0 1
+3 44
+2 14 14
-83 64 14 24
cfn=(250) dfs_traversal.part.0
calls=12 -5 
* 524 154 66 8 10 0 4
+86 52 24 0 2 0 0 1
+18 14 6
+19 6 0 2 2 0 0 1
cfi=(29) ./string/../sysdeps/x86_64/multiarch/memmove-vec-unaligned-erms.S
cfn=(80) memcpy
calls=2 -53 
* 38 10 8 3
+13 8 2
+7 2 0 0 2 0 0 1
+27 16 14

fn=(250)
135 60 0 12 2 0 0 1
+10 12 12 0 0 2
-2 12 0 12
+2 24 0 0 2 0 0 1
+2 36 9 0 0 5
-7 18 9
+7 109 29 0 0 1
-7 56 22 10
cfn=(251) dfs_traversal.part.0'2
calls=2 -5 
* 67 19 8 0 2
+7 16 12
+9 24 0 0 2 0 0 1
+15 36 12 12
+1 12 0 12 1 0 0 1
+1 24 24
-17 18 6 0 1

fn=(251)
135 10 0 2
+10 2 2 0 0 1
-2 2 0 2
+2 4
+2 8 2 0 0 1
-7 4 2
+7 14 4
-7 4 2
+16 4
+15 6 2 2
+1 2 0 2
+1 4 4
-17 3 1

fl=(25) ./elf/./elf/dl-environ.c
fn=(68) _dl_next_ld_env_entry
28 3 0 0 1 0 0 1
+1 3 3
+3 37 31
+13 27
-13 54
+2 58 29 0 1 0 0 1
+1 18 9
+5 2
-3 2
+3 2 0 2
+2 2 2

fl=(70) ./elf/./elf/dl-cache.c
fn=(236) _dl_cache_libcmp
340 38 0 0 1 0 0 1
+1 38 38
-1 38
+1 76
+22 396
+2 396
-12 164 164
+16 164
+1 164
-29 328
+4 202 202 0 1 33 0 1 33
-2 404
+2 202
-2 404
+2 8
+6 4
+2 4 4
-2 4
+1 4
-1 4
+1 4
+1 12
+2 16 4 0 1 0 0 1
+2 8 0 0 1 0 0 1
-16 12
+32 12 8
-7 102 34

fn=(230) _dl_load_cache_lookup
386 40 0 28 1 0 1 1 0 1
+2 8 4
+3 12 4 0 1 0 0 1
+69 9 3
+5 12 4
206 12 4
468 8 0 4
199 8
332 12
206 24
+2 170 0 0 1 0 0 1
+1 34
-23 34
+23 34 34 0 0 25 0 0 25
+4 68
+4 102 34 34
cfn=(236)
calls=34 340 
* 2866 406 0 4 32 0 4 32
+1 68
329 30
+1 18 0 0 1 0 0 1
206 36
499 28 8 4 1 0 0 1
228 4 4 0 0 1 0 0 1
+3 8
+2 16 0 4
cfn=(236)
calls=4 340 
* 342 48 0 0 1 0 0 1
* 8
-7 12
+9 24 4 8 1 0 0 1
fi=(313) ./elf/../sysdeps/x86/dl-isa-level.h
28 24 8 8
fe=(70)
245 8 4 0 1 0 0 1
+10 12 8
+1 16 4
+16 4 0 0 1 0 0 1
fi=(71) ./elf/../sysdeps/generic/dl-cache.h
125 4 4
fe=(70)
272 16
+9 8 4
+5 8
+27 8 0 4
483 8 4 0 1 0 0 1
+12 8 4 4
cfi=(22) ./string/../sysdeps/x86_64/multiarch/../multiarch/strlen-sse2.S
cfn=(60) strlen
calls=4 57 
* 140 20 0 0 1 0 0 1
+1 4
-1 4
+1 40 0 0 1 0 0 1
+1 4
-1 4
+1 4 4
-1 4
+1 4 0 4
cfi=(29)
cfn=(80)
calls=4 210 
* 76 20 16
* 4
+1 4 0 4
cfi=(46) ./string/./string/strdup.c
cfn=(140) strdup
calls=4 40 
* 364 68 48 0 0 3 0 0 3
+1 32 28
-3 8 0 4
394 4 0 1 1 0 0 1
cfi=(55) ./elf/./elf/dl-misc.c
cfn=(232) _dl_sysdep_read_whole_file
calls=1 36 
* 103 16 16 3 0 0 3
* 1
+8 5 1 0 1 0 0 1
+1 8 3 0 1 1 0 1 1
+3 3
+1 1 1
-1 4
fi=(71)
194 1 1
+1 5 0 0 1 0 0 1
fe=(70)
414 1 0 1 1 0 0 1
+1 2 0 1

fn=(642) _dl_unload_cache
508 1 0 0 1 0 0 1
+1 4 1 0 0 1
-1 1 0 1
+3 1 1
-3 1
+3 1 0 1
cfi=(144) ./misc/../sysdeps/unix/syscall-template.S
cfn=(644) munmap
calls=1 117 
* 6 1 0 1 0 0 1
+7 1 1
-6 1 0 1
+4 1 0 1 1 0 0 1
+2 1 1

fl=(22)
fn=(60)
57 30 0 0 1 0 0 1
+44 30
+1 30
+1 30
+1 30
+1 30
+1 30
+1 30 0 0 1 0 0 1
+2 30
+2 30
+31 29 29 0 0 2 0 0 2
+1 29
+1 29
+1 29
+1 29
+1 15
+2 15 15
+4 14
+1 14 14
+1 14 14
+1 14 14
+1 14
+1 14
+1 14
+1 14 0 0 1 0 0 1
+1 14
+1 14
+1 14
+1 14
+5 112 14
+4 1
+1 14 4 0 1 0 0 1
+1 6
+15 1 0 0 1 0 0 1
+1 1
+1 2
+51 1 1
+1 1 1
+1 1 1
+1 1 1
+1 1
+1 1
+1 1
+1 1
+16 1 0 0 1 0 0 1
+2 1
+1 14 4 0 1 0 0 1
+2 1
+1 1
+1 1
+2 1 1

fl=(184)
fn=(604)
74 39 0 27 2 0 0 2
+2 6 3
+2 9
+37 3
-37 9 9 0 0 3
+1 6
+2 15 3 3 1 0 0 1
+3 25 5 0 0 3 0 0 1
-52 3 3
+54 6 3
-54 3
+54 3
-54 9 6 0 1 0 0 1
+1 9
+2 6 3 0 0 3 0 0 3
+1 6 3
+12 9 3 3
+3 3 3
+2 6 3 3
-2 3 3
+2 9 3 3 1 0 0 1
cfi=(34) ./string/../sysdeps/x86_64/multiarch/../multiarch/strcmp-sse2.S
cfn=(98) strcmp
calls=3 +45 
* 214 31 0 0 8 0 0 7
* 6
+4 6 6
+1 3 3
-1 3 3 0 0 2 0 0 1
+1 15 6 0 0 1
+1 9 6 3 1 0 0 1
cfi=(34)
cfn=(98)
calls=3 +39 
* 217 27 0 0 4 0 0 2
* 6
+57 27 21
-23 6 0 0 1 0 0 1

fl=(23) ./elf/../misc/sbrk.c
fn=(62) sbrk
37 5 0 1 1 0 0 1
+3 1 1
+18 2
+4 2
+16 3 2 0 1 0 0 1

fl=(50) ./elf/./elf/dl-debug_state.c
fn=(154) _dl_debug_state
28 2 0 0 2 0 0 1
+1 2 2

fl=(207) ./elf/../sysdeps/x86_64/dl-trampoline.h
fn=(714) _dl_runtime_resolve_xsave
39 97 0 0 2 0 0 1
+5 97 0 97
+3 97
+2 97
+10 97 97 0 2 4 0 1
+6 97 0 97 0 0 2
+1 97 0 97
+1 97 0 97
+1 97 0 97
+1 97 0 97
+1 97 0 97
+1 97 0 97
+4 97
+1 97
+3 97 0 97 0 0 4
+1 97 0 97
+2 97 0 97 2 0 0 1
+1 97 0 97
+1 97 0 97
+1 97 0 97
+1 97 0 97
+1 97 0 97
+2 97 0 3298 0 0 29
+7 97 97
+1 97 97
+1 97 0 97 0 0 2
cfi=(208) ./elf/./elf/dl-runtime.c
cfn=(716) _dl_fixup
calls=97 -52 
* 79167 22125 8190 75 957 47 9 182 1
+1 97 0 0 2 0 0 1
+5 97
+1 97
+1 97 3492
+2 97 97
+1 97 97
+1 97 97
+1 97 97
+1 97 97
+1 97 97
+1 97 97
+2 97
+2 97 97
+4 97
+2 97

fl=(31) ./elf/./elf/dl-load.c
fn=(134) fillin_rpath.isra.0
442 9 0 6 1 0 0 1
+4 1
-4 9 0 6 1 0 0 1
+6 3 2 1
cfi=(7) ./elf/./elf/dl-minimal.c
cfn=(136) strsep
calls=1 239 
* 242 74 1 2 1 0 2 1
* 3 2 1
cfi=(7)
cfn=(136)
calls=1 239 
* 9 3
* 6
+7 2 1
+2 3 1 1
cfn=(138) expand_dynamic_string_token
calls=1 -82 
* 109 20 16 3 0 1 3 0 1
* 1 0 0 1 0 0 1
+4 2
+5 2 0 1
cfi=(22)
cfn=(60)
calls=1 57 
* 17 2
* 1
+1 2
+7 4 1 0 1 0 0 1
+9 15 5
+1 8 4 0 1 0 0 1
fi=(28) ./elf/../include/rtld-malloc.h
50 2 2 1 1 0 0 1
cfi=(27) ./elf/./elf/dl-minimal-malloc.c
cfn=(144) __minimal_free
calls=1 +47 
* 5 2 0 1 0 0 1
+1 1
fe=(31)
502 4 1 1 1 0 0 1
+4 3 2
fi=(28)
56 1 1 1
cfi=(27)
cfn=(76) __minimal_malloc
calls=1 -20 
* 18 3 3
* 1
fe=(31)
508 2 0 0 1 0 0 1
+5 1 1
+1 2
-1 1
-1 1 0 1
+2 1 0 1
cfi=(29)
cfn=(128) mempcpy
calls=1 197 
* 13 3 2 0 0 1 0 0 1
+3 1 1
-3 1 0 1
+1 1 0 1
+2 1
+7 3 1 0 1 0 0 1
-1 7 1
+2 1 0 0 1 0 0 1
-1 1
+1 1 0 1
-1 3
+1 1 0 1
-1 2
+1 1 0 1 1 0 0 1
+2 2 1 1
+1 3 1
+1 1 0 1
+6 2 1 1
+1 1 0 1
+3 3 0 1
-60 2 0 1 1 0 0 1
-22 2 0 1
+88 1 0 1
+3 8 7
-24 2

fn=(220) _dl_dst_count
228 24 0 12 1 0 0 1
+3 12
-3 24 0 12
+7 12
-7 36 0 24
+3 12 0 12 0 0 1 0 0 1
cfi=(43) ./string/../sysdeps/x86_64/multiarch/../multiarch/strchr-sse2.S
cfn=(122) index
calls=12 32 
* 384 48 0 0 4 0 0 4
+3 24
+20 84 60 0 1 0 0 1

fn=(210) _dl_notify_new_object
908 20 0 10 1 0 0 1
+2 5
-2 25 0 15
+2 5 0 5
cfi=(47) ./elf/./elf/dl-debug.c
cfn=(212) _dl_debug_update
calls=5 94 
* 35 10 0 1 0 0 1
* 5
+1 15 5
+21 25 15
-4 10 0 0 1 0 0 1
+7 5 5
-2 10
+2 20 20
-2 5
cfi=(51)
cfn=(214)
calls=5 77 
* 25 10 0 1 0 0 1

fn=(178) _dl_map_new_object
1952 75 0 40 1 0 3 1 0 3
+10 10 5
+12 5 5 0 1 0 0 1
-5 5 0 5
-15 5 0 5
+20 10
+14 15 0 5 0 0 1 0 0 1
cfi=(43)
cfn=(122)
calls=5 32 
* 120 15
* 10
2140 2 0 0 1 0 0 1
-1 3 0 1
cfn=(138)
calls=1 375 
* 159 28 18 3 0 2 3 0 2
+6 1
-6 1
+2 2
+4 7 0 2 1 0 0 1
cfn=(180) open_verify.constprop.0
calls=1 1511 
* 105 22 15 11 1 2 11 1 2
+3 2 1
-3 1
+3 1
+12 15
+46 55 15 25 1 0 0 1
cfn=(186) _dl_map_object_from_fd
calls=5 948 
* 10771 2099 1519 87 150 198 87 150 198
* 5
+2 40 35
1992 8 0 4 1 0 0 1
cfi=(22)
cfn=(60)
calls=4 57 
* 68 8
* 8 0 4
+2 8 4
+7 16 4 0 1 0 0 1
+51 52 4 16 1 0 0 1
cfn=(224) open_path
calls=4 1760 
* 1275 326 227 18 1 10 18 1 10
+6 4
-6 4
+6 8
-53 4 4 0 1 0 0 1
+1 4 0 4
670 20 0 12
2010 15 5
656 15 5 0 1 0 0 1
2011 1
659 2
+3 3 1 0 1 0 0 1
2010 12 12 0 1 0 0 1
+15 8 4
+1 28 4 0 1 0 0 1
656 12 4
2051 8 4 0 1 0 0 1
+1 8
665 1 0 1 1 0 0 1
+1 1
-10 12 4 0 1 0 0 1
2059 1
659 2 0 0 1 0 0 1
2073 8 0 4 1 0 0 1
cfi=(70)
cfn=(230)
calls=4 386 
* 5005 759 193 22 61 4 22 61 4
* 4
+2 8
+4 8
+31 4
-23 8 4 0 1 0 0 1
+23 28 0 8
cfn=(180)
calls=4 1511 
* 456 92 62 3 1 1 3 1 1
+4 8 4
-4 4
+4 4 0 0 1 0 0 1
+1 4 0 4
+17 8 4
662 3 1 0 1 0 0 1
2067 6 0 0 1 0 0 1
+2 12 4
-33 8 0 0 1 0 0 1
665 1 0 1
2067 2 0 0 1 0 0 1

fn=(88) _dl_process_pt_gnu_property
842 6 0 0 1 0 0 1
+8 12 6
-6 6 6
+12 12
-13 6 6
+13 6 0 0 1 0 0 1
-13 12 6
+13 12
+3 18 6 0 1 6 0 1 6
+1 12 6
+1 12 6
+3 18 6 0 1 0 0 1
+1 18
+4 6
+1 12
+22 18
+2 24
-20 18 9 0 1 2 0 1 2
+4 18
-3 9 9
+6 9
+1 27 0 0 1 0 0 1
fi=(32) ./elf/../sysdeps/x86/dl-prop.h
95 36
+7 18
+16 9 9 0 0 2 0 0 2
-3 18
252 6
+5 3 3
-4 3 0 3
+4 9 0 3 1 0 0 1
+3 3 3
-6 12 0 0 1 0 0 1
+1 6 0 6
+2 24 6 6 1 0 0 1
+3 9 3
fe=(31)

fn=(110) _dl_init_paths
680 11 0 7 1 0 0 1
+14 1
-14 2 0 1
+14 2 0 1
cfi=(39) ./elf/./elf/dl-hwcaps.c
cfn=(112) _dl_important_hwcaps
calls=1 171 
* 1202 246 213 32 2 4 32 2 4
fi=(28)
56 1
fe=(31)
694 1 0 1 1 0 0 1
fi=(28)
56 1 1 1
cfi=(27)
cfn=(76)
calls=1 -20 
* 18 3 3
fe=(31)
699 1 0 1 0 0 1 0 0 1
+2 2
+7 2
+1 1 1
-1 3
+5 3 0 0 1 0 0 1
fi=(28)
56 1 1 1
cfi=(27)
cfn=(76)
calls=1 -20 
* 18 3 3
fe=(31)
713 1 0 1 0 0 1 0 0 1
+2 5 2
+7 1 0 1
+8 2
+5 1 0 0 1 0 0 1
-14 1 0 1
+16 1
-7 1 0 1
+11 1 1
-6 1 0 1 0 0 1 0 0 1
+9 3 0 1
-2 1
+2 1
-8 1 0 1 1 0 0 1
+6 1 0 1
+2 2 0 2
-12 1 0 1
+9 2
+1 16 4 4
cfi=(45) ./string/../sysdeps/x86_64/multiarch/../multiarch/memset-vec-unaligned-erms.S
cfn=(132) memset
calls=4 137 
* 56 4 8 3 0 1 3 0 1
+2 18 6 0 1 0 0 1
-14 3
+10 3
-8 3 3
+12 3 0 3
-8 3 3 0 0 1 0 0 1
-6 3 0 3
+5 3 0 3 0 0 2 0 0 2
+1 3 0 3 0 0 1 0 0 1
-4 3 0 3
+8 9 3 0 0 1 0 0 1
+1 6
+15 1 1 0 1 0 0 1
+3 1
-15 1 0 1
+7 1 0 1
-1 1 0 1
+9 2
+2 4 1 0 1 0 0 1
+2 3 1
+36 5 2 0 1 0 0 1
+2 2 0 1 1 0 0 1
cfi=(22)
cfn=(60)
calls=1 57 
* 17 2
* 8
-19 1 1 0 1 0 0 1
-2 1 0 1
+2 2
+19 9 1 1 2 0 0 2
cfi=(29)
cfn=(80)
calls=1 210 
* 11 3 2
* 1
+5 4 1
-1 4
+2 1 0 0 1 0 0 1
+1 2
-2 4 1
+1 13
+1 26
-2 52 13
+5 1
fi=(28)
56 1 1 1
cfi=(27)
cfn=(76)
calls=1 -20 
* 18 3 3
fe=(31)
810 1 0 1
+2 2
+6 7 1 1
cfn=(134)
calls=1 442 
* 555 143 56 18 1 2 18 1 2
+3 3 2
+6 1 0 1
+4 8 7
-35 2 0 1 2 0 0 2
+5 2 0 1

fn=(186)
948 55 0 30
+15 5 5
-15 10 0 10 0 0 2 0 0 2
+15 5 0 0 1 0 0 1
-15 5 0 5 0 0 1 0 0 1
+15 10 0 5
+85 20 5 5 1 0 0 1
+10 10 5
+7 35 25 5 1 0 0 1
cfi=(26) ./elf/./elf/dl-object.c
cfn=(70) _dl_new_object
calls=5 59 
* 1815 369 259 14 6 39 14 6 39
* 5
+1 10
+11 5 5
+1 5 5
-1 5 0 5 0 0 4 0 0 4
+2 5 5 0 1 0 0 1
+3 5 5
-1 5
-2 5 0 5
+3 15 5
+1 8 0 4
+19 8 4
-2 4 0 4
+2 30 1 0 1 0 0 1
-2 1 0 1
+2 52 0 10 1 0 0 1
+10 5 5
-10 10 0 5
+10 15
+27 5 5
-33 5
-3 5
+2 5 0 5
-1 5 0 5 1 0 0 1
+44 5
fi=(30) ./elf/../include/stackinfo.h
62 5 0 5
fe=(31)
1139 5
-41 5 0 5
+50 5
fi=(30)
62 15 0 10
fe=(31)
1113 230 0 0 1 0 0 1
+26 120 40 0 0 2 0 0 2
+10 40 20 0 0 2 0 0 2
-1 20
-1 20
+1 40 20 0 1 0 0 1
+1 20
+2 20 20 0 0 1 0 0 1
-3 20 0 20 0 0 2 0 0 2
+1 20
+2 20 0 20 0 0 3 0 0 3
+2 20 20 0 0 1 0 0 1
-4 20
+1 20 0 20
+3 20
-4 20 0 20
+4 100
+2 40 0 20 1 0 2 1 0 2
+13 85 15 15
fi=(30)
62 30 15
fe=(31)
1173 15
fi=(30)
62 105 15 15 0 0 1 0 0 1
fe=(31)
1147 30
-35 45
fi=(30)
62 10 5
fe=(31)
1173 5
fi=(30)
62 35 5 5
fe=(31)
1147 10
-35 135
+1 327 65 0 1 12 0 1 12
1214 5 5
1112 5
1214 10 5 5 1 0 2 1 0 2
1112 15
1219 20 10
1078 5 5
1229 5
1078 30 5 5 1 0 0 1
1230 5
-1 5
+1 5 0 5
-1 15
+1 15
-1 15
+1 15 0 15
-1 45
+7 10 5
+10 20 10 0 1 0 0 1
+7 20 15
fi=(62) ./elf/./dl-map-segments.h
29 5 5
fe=(31)
1253 15 5 5 1 0 0 1
fi=(62)
29 10
+1 35 20 5 0 0 1 0 0 1
cfi=(60) ./misc/../sysdeps/unix/sysv/linux/mmap64.c
cfn=(192) mmap
calls=5 +17 
* 140 25 15
+72 5 0 5 1 0 0 1
-72 5
+73 10
+3 10 5
+1 5
-1 5 0 5
+1 5 0 5
+2 10 5
+17 5 0 5 1 0 0 1
-44 5 5
fi=(63) ./elf/./dl-load.h
+9 40 20 0 1 0 0 1
fi=(62)
+59 80 40
+6 5 5
+2 5 5
-2 5
+3 5
-2 5
+2 5
-1 10
+3 15
+5 10 0 0 1 0 0 1
+3 15 5
+8 35 0 15
cfi=(45)
cfn=(132)
calls=5 -40 
* 756 5 396 1 0 100 1 0 100
* 10 10
+6 10
+41 20 0 0 1 0 0 1
-88 80 20
+2 60 30
+2 30 30
+1 15
-1 75 30 15 1 0 0 1
cfi=(60)
cfn=(192)
calls=15 -93 
* 315 60 45
* 30
fe=(31)
1054 5 0 0 1 0 0 1
fi=(59) ./elf/../sysdeps/posix/dl-fileid.h
37 10 0 5 0 0 1 0 0 1
cfi=(58) ./io/../sysdeps/unix/sysv/linux/fstat64.c
cfn=(188) fstat
calls=5 -7 
* 30 5 0 2 0 0 2
* 10
+3 5 5
fe=(31)
999 5
fi=(59)
40 5 0 5
+1 10 5 5 1 0 0 1
fe=(31)
999 90 40
+1 40 20 0 1 0 0 1
fi=(59)
49 60 30 0 0 1 0 0 1
fe=(31)
1458 45 35
1133 2 1 1
+1 1
-15 10 5 0 1 1 0 1 1
+7 5 5
+2 5 5 0 1 0 0 1
-2 5 0 5
+1 5 5 0 0 1 0 0 1
+1 5
-1 10 0 5
+1 40 5 5
fi=(30)
62 40 5 5 1 0 0 1
fe=(31)
1211 5
-34 9 3 0 0 1 0 0 1
+5 3 3
-1 6 0 0 1 0 0 1
+5 3
-5 6 0 3 0 0 3 0 0 3
-55 3 3
+60 12 0 3 0 0 1 0 0 1
+1 3 3
+3 3 0 3 0 0 1 0 0 1
-3 3 0 3
+8 12 3 0 1 0 0 1
1086 12 0 0 2 0 0 2
+1 2 1
-1 1
+1 1
-1 1 0 1
+1 1 0 1 0 0 1 0 0 1
cfi=(72) ./io/../sysdeps/unix/sysv/linux/pread64_nocancel.c
cfn=(242) __pread64_nocancel
calls=1 25 
* 7 1
* 2
-69 10 5 0 1 0 0 1
1269 20 10 0 1 0 0 1
+1 15 5 5
fi=(64) ./elf/./elf/get-dynamic-info.h
39 10
+6 5 5 0 1 5 0 1 5
-2 5
+2 10
+8 6
+15 6 0 6 0 0 2 0 0 2
-23 24 6 0 0 1 0 0 1
+23 132 0 132 0 0 31 0 0 31
-23 528 132 0 0 34 0 0 34
+4 276
+3 37
-1 74
+3 124
+1 104
fi=(63)
+37 16 8 0 1 0 0 1
+2 4 4
-1 4 4
+1 4 0 0 1 0 0 1
-1 8
+1 4
-1 8
+3 16 0 4
fi=(64)
-40 25
+3 20 0 0 1 0 0 1
+13 20 5
+12 17 5 2
+1 20 5 5 1 0 0 1
+1 20 5 5
+1 20 5 5
+1 17 5 2 0 3 0 0 3
+1 19 5 4 1 1 0 1 1
+1 19 5 4 0 1 0 0 1
+1 20 5 5
+12 5 5
+7 5 5
-7 35 5 5 1 0 0 1
+7 10
+5 8 4
+7 8 4
+1 15 10
+6 15 5
+1 6 4
+17 15 5 0 1 0 0 1
+5 4 2 2 0 0 1 0 0 1
+2 4
+2 4
+2 4
+1 2 0 2
+3 15 5 0 1 0 0 1
+2 9 3 3
+1 6
+9 6 3 0 1 0 0 1
+6 6
+1 4 2 2
+3 10 5
fe=(31)
1276 10
+1 10
+2 10 0 0 1 0 0 1
+10 15 5
+19 15 5 5
+2 25 10 0 1 0 0 1
+20 15 5 0 0 2 0 0 2
+1 6 3 3
+6 30 10
+1 100
+6 20 0 5
cfn=(88)
calls=5 842 
* 360 73 14 0 8 0 0 8
-7 135 5
+1 65 65 0 1 55 0 1 55
+6 65
-6 130
fi=(32)
149 30 15
fe=(31)
984 10 0 5 1 0 0 1
1086 2 0 1
1276 4 2
+73 10 5 5 1 0 0 1
cfi=(65) ./io/../sysdeps/unix/sysv/linux/close_nocancel.c
cfn=(206) __GI___close_nocancel
calls=5 25 
* 30 5 0 1 0 0 1
* 10
+13 10 5
+2 20 10 5 1 0 0 1
+2 10 5
+16 10 0 5
cfi=(8) ./elf/./elf/dl-setup_hash.c
cfn=(14) _dl_setup_hash
calls=5 25 
* 135 40 30 0 6 0 0 6
+4 10 5
+1 10 5
+17 10 5
+1 1 0 1 1 0 0 1
+3 4 2 2
+5 2 1
-5 16 8 8
+5 8 4
+5 10 5
+10 20 10 0 1 0 0 1
+8 10 5
+1 12 3
+5 6 0 3
cfi=(48) ./elf/../elf/dl-tls.c
cfn=(240) _dl_assign_tls_modid
calls=3 161 
* 36 12 9 1 0 0 1
+7 15 5 5 1 0 0 1
cfi=(26)
cfn=(82) _dl_add_to_namespace_list
calls=5 31 
* 255 65 45
+3 10 5
+3 20 10 5
cfn=(210)
calls=5 908 
* 210 65 30 4 0 0 4
+2 5
fi=(62)
189 8 2 0 1 0 0 1
-3 2 2
+3 8 0 2 1 0 0 1
-3 12 0 10
+3 2 0 2
cfi=(60)
cfn=(192)
calls=2 47 
* 42 8 6
+3 4
+2 2 0 2
cfi=(61) ./misc/../sysdeps/unix/sysv/linux/setvmaname.c
cfn=(238) __is_decorate_maps_enabled
calls=2 33 
* 12 4 0 1 0 0 1
* 4 0 0 1 0 0 1
fi=(4) ./elf/../sysdeps/generic/ldsodefs.h
-98 18 10 0 2 0 0 2
+3 6
+1 3 3
-1 6 3
+1 3
fe=(31)
1429 15 0 3
cfi=(34)
cfn=(98)
calls=3 98 
* 166 25 0 4 6 0 4 6
* 6
+1 3 1 1 1 0 0 1
fi=(64)
62 20 0 0 1 0 0 1
+2 20
fe=(31)

fn=(170) _dl_map_object
2213 91 0 39 1 0 0 1
+1 13
-1 91 0 39 0 0 1 0 0 1
+1 26 0 26 0 0 1 0 0 1
cfn=(172) _dl_lookup_map
calls=13 1917 
* 8265 1757 402 45 2 3 45 2 3
+1 39 13 0 1 0 0 1
+3 69 56
-1 25
+1 30 30
-1 5 0 0 1 0 0 1
cfn=(178)
calls=5 1952 
* 18622 3486 2175 168 214 221 168 214 221

fn=(180)
1511 110 0 66 2 0 0 2
+32 11 11
-32 22 0 22 0 0 2 0 0 2
+32 22
+19 44 0 11
cfi=(56) ./io/../sysdeps/unix/sysv/linux/open64_nocancel.c
cfn=(182) __open_nocancel
calls=11 28 
* 249 22 28 2 0 3 2 0 3
* 11
+2 22
+8 5 0 5 1 0 0 1
+1 10 0 5 0 0 1 0 0 1
+6 5
-1 10
+1 5
-1 5 0 5
cfi=(57)
cfn=(184)
calls=5 25 
* 30 5 0 2 0 0 2
* 5
+4 5 5
-2 10
+2 10 0 5
+2 10
+6 10 0 0 1 0 0 1
+15 65 20 0 1 1 0 1 1
+83 10 5
+5 10 5
+8 20 5 0 1 0 0 1
+6 10 5 0 0 1 0 0 1
+6 5 5
+1 5 5
-1 5
+1 15
+33 99 77 0 1 0 0 1
-29 12 0 0 1 0 0 1
+1 2
-1 1
+1 1 0 1
cfi=(72)
cfn=(242)
calls=1 25 
* 7 1
* 2
1548 12 0 0 1 0 0 1
+57 9 3 0 1 0 0 1
1718 2 0 1 1 0 0 1
+24 12 6 0 1 0 0 1

fn=(224)
1760 32 0 24 1 0 1 1 0 1
+1 8 4 4 0 0 1 0 0 1
+6 8 0 0 1 0 0 1
+5 52 8 0 1 0 0 1
+57 8 0 4
-57 24 0 12 1 0 0 1
-7 4 0 4
-1 4 0 4
+65 4 0 4
-20 8 0 8
-34 4 4
+8 4 4
-8 4 4
+8 8 0 0 1 0 0 1
+7 20 8 8 0 0 1 0 0 1
cfi=(29)
cfn=(128)
calls=4 197 
* 52 12 8 0 0 1 0 0 1
* 12 8
+1 44 8 4 1 0 0 1
+3 24 12
+5 42 18 6 1 0 0 1
cfi=(29)
cfn=(128)
calls=6 197 
* 78 10 4
* 24 12 6
cfi=(29)
cfn=(128)
calls=6 197 
* 78 18 12
+3 12 0 6
+6 12 6 0 1 0 0 1
+3 42 24 6
cfn=(180)
calls=6 1511 
* 354 66 72 2 0 3 2 0 3
* 6
+2 18 6
+2 6
+98 36 28
-74 12 0 3
-48 37 16 0 1 0 0 1
+99 32 8 4 0 0 2 0 0 2
+6 8 4 4
-2 4 0 4
+2 8 4 0 1 0 0 1
+3 12 8
1770 8
+71 6
-20 18 12 0 2 0 0 2
+6 6 6 0 1 0 0 1
+2 3
-2 3 0 3
+2 6 3 3
cfi=(68) ./io/../sysdeps/unix/sysv/linux/stat64.c
cfn=(226) stat
calls=3 28 
* 46 3 2 1 0 0 1
* 3
+3 3
-3 3
+1 1 1 0 0 1 0 0 1
+4 1 1
-4 2
+4 5 0 2
-43 2
+43 2 0 2 1 0 0 1
-43 4
-19 8 0 4 1 0 1 1 0 1

fn=(172)
1917 78 0 39 1 0 1 1 0 1
+1 26 0 0 1 0 0 1
+1 26 13 0 0 1 0 0 1
+3 207 56
+5 357 102 0 1 0 0 1
+2 153 0 51 0 0 1 0 0 1
cfi=(55)
cfn=(174) _dl_name_match_p
calls=51 68 
* 5825 1194 268 24 1 1 24 1 1
* 102
+2 86 43
fi=(4)
96 129 43 0 1 0 0 1
+4 22 22
-1 110 66
+1 22
fe=(31)
1931 44
+1 66 0 44
cfi=(34)
cfn=(98)
calls=22 98 
* 885 166 0 16 0 0 16
* 44
+13 53 32 0 1 0 0 1
-1 5
+1 25 20

fn=(138)
375 14 0 8 1 0 1 1 0 1
231 2
375 2 0 2
231 4 0 2
cfi=(43)
cfn=(122)
calls=2 32 
* 72 9 0 2 0 0 2
+3 4 0 0 1 0 0 1
400 2 2
-11 2
+11 8 8
-11 2
cfi=(46)
cfn=(140)
calls=2 40 
* 156 29 22 2 0 2 2 0 2

fl=(68)
fn=(226)
28 6
+1 12
cfi=(69)
cfn=(228)
calls=3 146 
* 28 3 2 1 0 0 1

fl=(52) ./string/../string/strcspn.c
fn=(160) strcspn
32 5 0 1 1 0 0 1
+1 3 1 0 0 1 0 0 1
+1 2 1
+5 6 0 4 1 0 2 1 0 2
+1 4 0 4 0 0 1 0 0 1
+1 4 0 4 0 0 1 0 0 1
+1 4 0 4 1 0 0 1
+2 1
+3 3 1 1
+1 2
-1 6 2 2
+1 4
+3 4 2
+1 4 2 0 1 0 0 1
+1 4 2
+1 4 2
+2 3
+6 1 1 0 1 0 0 1
-1 1
+1 1 1
+2 2 2
-1 2 2
+2 1 1
+2 6 1
-5 12 12 0 0 1 0 0 1
-1 12
+1 12 12
+2 24 24
-1 24 24
+2 12 12
+2 72 12
+2 1
+1 4 0 0 1 0 0 1
+1 2 2

fl=(8)
fn=(14)
25 7 0 0 1 0 0 1
+3 21 7
+3 21 14
+1 14 7 7 1 7 0 1 7
+2 7 7 0 0 1 0 0 1
-1 7 7
+3 21
+1 7 0 7
+1 14 7
+2 7 0 7
-2 7 0 7
+3 14
+4 14
-2 7 0 7 1 0 0 1
+2 14 0 7
+5 7 7

fl=(26)
fn=(82)
31 30 0 12 1 0 0 1
+2 6
-2 12 0 6
+2 6 6 6
cfi=(24) ./elf/../sysdeps/nptl/dl-tls_init_tp.c
cfn=(84) rtld_mutex_dummy
calls=6 +10 
* 18 6
+2 40 6 0 1 0 0 1
+3 80 20
+2 5 0 5
+2 5 0 5
+4 5
+1 5 5
+3 5
-4 5 0 5
+1 5 0 5
+1 5
+3 5 5
-3 5 0 5
+3 10 10
-1 5 5
cfi=(24)
cfn=(84)
calls=5 -7 
* 15 5
-4 1
+1 1 1 0 0 1 0 0 1
+3 1
-4 1 0 1
+1 1 0 1
+1 1
+3 1 1
-3 1 0 1
+3 2 2
-1 1 1
cfi=(24)
cfn=(84)
calls=1 -7 
* 3 1
-5 2 0 1 1 0 0 1

fn=(70)
59 90 0 60 1 0 3 1 0 3
+3 12
+18 5 5
+3 10 0 5
cfi=(22)
cfn=(60)
calls=5 -26 
* 103 13
+4 5
-4 5
+4 5
+5 5
-9 15 0 10
fi=(28)
-39 10 5 5
cfi=(27)
cfn=(72) __minimal_calloc
calls=5 +36 
* 251 41 32 7 1 2 7 1 2
fe=(26)
+39 1 0 1 1 0 0 1
fi=(28)
-39 2 1 1
cfi=(27)
cfn=(72)
calls=1 +36 
* 35 4 4 5 0 1 5 0 1
* 6
fe=(26)
+51 12
+4 6 6
-1 6 0 6 1 0 4 1 0 4
+6 6
-5 6
+5 6 6
-5 6 0 6 0 0 6 0 0 6
+4 6
+1 6
-1 6 0 6 0 0 2 0 0 2
+1 12 0 12
cfi=(29)
cfn=(80)
calls=6 210 
* 77 19 13 2 1 8 2 1 8
* 6 6
+15 6 6
-15 6 0 6
+2 6 0 6
+13 12 6 0 1 0 0 1
+6 1
+2 7 2 2 0 1 0 0 1
+3 2 1
-3 35 10 10 0 5 0 0 5
+3 10 5
+6 6 6
-4 6 0 6 1 0 0 1
+4 6 0 6
+3 16
+2 12 0 8 1 0 1 1 0 1
-2 8
+2 8 0 8 0 0 3 0 0 3
-2 16
+16 12 6
-5 6 0 6 0 0 6 0 0 6
-1 12 0 6
+6 18 6 0 1 1 0 1 1
+2 10 0 5 0 0 4 0 0 4
+3 10
-3 10
+7 24 6
+4 15
+8 1 0 1 1 0 0 1
+13 1 1
-10 2 0 1
+10 8 6
-10 10 0 5
+10 15 5
+2 5 0 5
cfi=(22)
cfn=(60)
calls=5 57 
* 203 33 0 4 0 0 4
+21 5
-21 15 0 5 1 0 0 1
+17 5
-13 15
+50 15 10 5 1 0 0 1
cfi=(29)
cfn=(128)
calls=5 -48 
* 105 25 20 0 0 4 0 0 4
* 5
+5 10
+1 10 5
-1 158
+1 158 79
+4 10
+1 5 0 5
+3 5 0 5 0 0 1 0 0 1
+4 54 42 0 1 0 0 1
131 12 0 6 1 0 6 1 0 6
-8 5
-4 10 5
+34 1
+7 4
+8 20 5 0 1 0 0 1
fi=(28)
56 10 5 5
cfi=(27)
cfn=(76)
calls=5 -20 
* 90 15 15
* 5
fe=(26)
200 10
-1 10
64 2 0 0 1 0 0 1
+2 3 1 0 1 0 0 1
+1 6 1 1
+10 1
-6 2

fl=(56)
fn=(182)
28 24 0 12 1 0 0 1
+3 12
-3 36 0 12 0 0 3 0 0 3
+3 72
+8 84 0 0 1 0 0 1
+2 12 12
-2 18 0 6
+2 12 12

fl=(58)
fn=(188)
30 6 0 0 1 0 0 1
+9 24 0 0 1 0 0 1
+33 6 6

fl=(80) ./elf/../sysdeps/x86_64/dl-cet.c
fn=(650) _dl_cet_setup_features
331 1 0 0 1 0 0 1
+3 2
+16 1 1 0 1 0 0 1

fn=(282) _dl_cet_check
361 5 0 1 1 0 0 1
-86 2
+2 2 1
-1 1 0 1
+6 1 1
+3 1 0 1 1 0 0 1
-3 1
+1 1
-1 1
+1 1
-1 1 0 1
+1 1 0 1
+5 2
+5 2
+3 1 0 1
+4 2
+5 2
-1 1
+9 2 0 0 1 0 0 1
157 1 1 0 0 1
-12 2 1 0 0 1
+12 2
-7 1
+24 2
+5 1 0 1
363 2 2
-61 2 0 0 1 0 0 1
+1 2

fl=(144)
fn=(644)
117 5 0 0 1 0 0 1
+5 1 1

fn=(462) mprotect
117 35 0 0 1 0 0 1
+5 7 7

fl=(65)
fn=(206)
25 6 0 0 1 0 0 1
+1 24
+1 6 6

fl=(45)
fn=(132)
137 13 0 0 2 0 0 1
+1 65
+5 13
+1 13
+3 6
+1 6
+2 2 0 2 0 0 2 0 0 2
+1 2 0 2
+1 2 2 0 1
+84 4 0 4 1 0 3 1 0 3
+1 4 0 4
+12 4
+3 4
+1 4
+12 4 0 4 0 0 1 0 0 1
+1 4 0 4 0 0 2 0 0 2
+13 4
+1 4
+2 4
+3 3
+3 6
+3 3 0 3
+1 3 0 3
+1 3 0 3 0 0 1 0 0 1
+1 3 0 3 0 0 1 0 0 1
+1 3
+1 3
+1 3
-6 89 0 89 0 0 35 0 0 35
+1 89 0 89
+1 89 0 89 0 0 49 0 0 49
+1 89 0 89 0 0 5 0 0 5
+1 89
+1 89
+1 89
+3 4 0 4 0 0 1 0 0 1
+1 4 0 4
+1 4 0 4
+1 4 0 4
+5 4 4
+46 7 0 0 2 0 0 1
+2 7
+1 7
+39 7 0 7 2 0 2 1 0 2
+1 7 0 7 0 0 1 0 0 1
+2 7 7

fl=(82) ./elf/./elf/dl-lookup.c
fn=(300) check_match
70 3864 1932 0 2 115 0 1 66
+3 15436 3864 0 0 221 0 0 173
+13 9635
-16 17343 0 7708 2 0 14 1
+19 4499 258 129
cfi=(34)
cfn=(98)
calls=129 +9 
* 7828 1245 0 30 141 0 11 88
* 258
+4 3854 3854 0 0 11
+1 3854
+4 3846 0 0 2 0 0 1
+4 3846 3846 0 0 79 0 0 14
+1 17307 7692 0 0 26
+1 9595 3838 5757 2 7 2 1 0 1
cfi=(34)
cfn=(98)
calls=1919 -6 
* 64662 13636 0 3 93 0 0 5
* 3838 3838
+54 1919
-54 3838
+55 13489 9635
-1 4
-17 8
+2 8 8 0 0 3 0 0 1
+1 4
-1 8
+1 12
-1 8
+4 2
-35 14 6 2 1 0 0 1
+3 4 2 2
-37 10 0 0 1
+31 12 4 0 1
+1 4 4
+1 10 4 0 0 2
-38 20 0 0 1 0 0 1
+86 10 5

fn=(294) _dl_lookup_symbol_x
767 23280 0 11640 3 0 3 1
fi=(83) ./elf/../sysdeps/generic/dl-new-hash.h
74 1940 1940 0 0 946 0 0 777
fe=(82)
767 5820 0 5820 0 0 6
fi=(83)
77 3880
-8 1940 0 0 2 0 0 1
+1 3880
+10 1940 1940 0 0 26 0 0 26
+1 3880
-1 39011 39011 0 0 472 0 0 423
+1 78022
+20 39982
-2 39982
+6 39982
-3 79964
+2 39982
-30 39982 39982 0 0 484 0 0 434
+3 79964
fe=(82)
769 1940
+1 1940 0 0 2 0 0 1
+3 1940 0 1940 0 0 4
-4 1940 0 1940
+1 1940 0 1940
+7 7720 1920
+5 3880 3880 0 0 7
-2 3880 1940
+6 5820
-15 5820 1940 0 2 0 0 1
+15 15600 16 5820
+1 27160 13580 13580 2 0 6 1 0 2
cfn=(298) do_lookup_x
calls=1940 344 
* 716340 231661 93314 104 4085 46 57 1245 6
* 5820
+5 7760 3880 0 2 0 0 1
+23 1924 1924
+1 11524 1919
+7 1924 1924
-7 1924
+35 7696 1924
+14 5772 1924 0 2 13 0 1
+3 3848 1924
+17 3848 1924 1924
+2 17460 13580
fi=(83)
87 969 0 0 2 0 0 1
+1 969
+1 1938
+1 969
fe=(82)
794 112 32 0 1 0 0 1
+17 16 0 16 1 0 0 1
+1 32
+54 2 0 1 2 0 0 2

fn=(298)
344 29100 3880 19400 1 0 10 1 0 2
+6 1940 1940 0 2 4 0 1
+59 1940 0 1940
-58 1940 1940
fi=(84) ./elf/../sysdeps/generic/dl-protected.h
29 1940 1940
fe=(82)
409 1940
fi=(84)
29 1940 0 1940
fe=(82)
409 13580 3880 1940
-26 12406 6203 0 2 18 0 1
+4 12406 6203 0 0 2
+6 18609 6203 0 0 14
+8 6203 6203 0 0 24
-4 6203 0 6203
+1 6203 0 6203 2 0 0 1
+3 24812 12406 0 0 22
+1 12406 12406 0 0 9
+3 6203 6203
-3 6203 0 6203
+4 12406
+7 6203 6203
-3 12406 12406
-2 6203 6203 0 0 659 0 0 136
+5 18609
+3 43421
+99 12837 4279 4279
355 18609 18609 0 2 21 0 1
+3 12406 0 0 2 0 0 1
+4 12478 30 12
515 18
355 12 12
+3 12
518 32 0 0 1 0 0 1
fi=(4)
151 3848 1924 0 2 0 0 1
+1 5772
fe=(82)
473 3848 0 0 2 0 0 1
fi=(84)
29 3848
fe=(82)
480 10192 1924
+16 3684 1842 1842
+1 1842 0 1842
+1 1842
+21 14736 12894
-21 82
+21 784 686
-99 6153 0 0 2 0 0 1
-1 4102 4102 0 0 912 0 0 184
+2 4102
+2 2049 2049
+6 6147 0 4098 2 0 5 1
-6 2049
+6 16392 0 10245
+7 9864
-10 26050 5210 0 2 1554 0 1 472
+2 1932
+1 5796 1932 1932 0 0 2 0 0 1
-1 1932
+1 3864 1932 1932 0 0 9 0 0 1
-1 1932
+1 5796 3864 3864
+1 1932
-1 1932 0 1932
+1 1932 0 0 2 0 0 1
-1 11592 7728 1932 0 0 2 0 0 1
cfn=(300)
calls=1932 70 
* 189049 53671 13598 45 698 16 17 347 1
+4 21172 9610 0 2 0 0 1
219 82 82 0 1 0 0 1
+2 82
-2 164 0 164
+2 82
-2 82 0 82
+2 82
+2 82 0 0 1 0 0 1
-2 246 82 164 0 2
cfi=(24)
cfn=(84)
calls=82 43 
* 246 82
+2 82 82 0 0 2 0 0 1
+2 328 164
-1 81 81
+3 405 0 162 1 0 0 1
+1 81 81
-1 81 0 81
+1 81
-1 162
+1 162
-1 81 0 81
+1 162
-1 1675 0 254 1 0 0 1
+24 352
+3 95
+1 285
-23 176 176 0 0 69 0 0 43
-1 352 176 0 1 0 0 1
484 3777 1259 0 2 1 0 1
+4 1 0 1 1 0 0 1
fi=(28)
44 4 1 2
cfi=(27)
cfn=(72)
calls=1 +36 
* 29 4 3 1 1 1
* 1
fe=(82)
299 2
+3 1 0 1
-75 1 1
+70 1
+7 1 1
-7 1 1
+6 1 0 1 1 0 0 1
-76 1
+77 1 0 1
167 12
+1 6 0 0 1 0 0 1
308 5 2
-1 2 1
+1 405 162
-1 162 81
+19 246 82 82 1 0 0 1
+2 82 82
-2 82 0 82
+2 82 82 82
cfi=(24)
cfn=(84)
calls=82 43 
* 246 82
+2 164 164
+1 82 0 82
-1 82 0 82
+1 82
173 518 0 0 1 0 0 1
-2 84
+1 252
-3 332 166 0 1 2 0 1 2
+7 82 0 82
+1 82 0 82
+1 82 0 82
+1 82 0 82
315 328 82
467 256 129 0 2 0 0 1
+2 4
259 1134 567 0 1 0 0 1
+7 12 0 10 1 0 0 1
cfi=(55)
cfn=(584) _dl_higher_prime_number
calls=2 85 
* 159 14 0 3 4 0 2 2
fi=(28)
44 2
fe=(82)
266 2
fi=(28)
44 4 2 2
cfi=(27)
cfn=(72)
calls=2 +36 
* 58 8 6 0 1 1
* 2
fe=(82)
269 4
168 4 2
276 6 6 0 1 0 0 1
168 6 0 2
276 282
+1 276 92 0 1 10 0 1 2
+1 140 70
167 70
278 210 140
167 70
+1 70
-1 70
+1 210 70
+1 440 0 0 1 0 0 1
+2 14
+1 42
-3 168 84 0 0 56 0 0 56
+7 70 0 70
+3 70 0 70
-2 70 0 70
+3 70
+76 322 46 0 1 0 0 1
445 889 635 0 4 0 0 2
173 10 0 0 1 0 0 1
282 14 4 6 1 0 0 1
cfi=(27)
cfn=(144)
calls=2 97 
* 10 4 0 1
+4 2 2
167 2
285 6 4
-2 2 0 2
+3 2 0 2
167 2 2
285 2 0 2
-1 2
167 2
+1 2 2 0 1 0 0 1
-1 2
+1 8 2

fl=(73) ./malloc/./malloc/scratch_buffer_set_array_size.c
fn=(244) __libc_scratch_buffer_set_array_size
30 65 0 20 1 0 0 1
+4 5
+1 10
+10 10 5 0 1 0 0 1
+18 5
-17 5
+17 25 25

fl=(16) ./elf/../sysdeps/x86/cpu-features.c
fn=(42) update_active.constprop.0
90 7 0 6 1 0 0 1
+4 1 1 0 1 0 0 1
+28 1 1
+9 1 1
-18 1 1
-10 1
-1 1
+25 1
-23 1 1
-1 1
-1 2 1
+19 1
-18 1
+24 1 0 0 1 0 0 1
+8 1 1
-31 1 0 1
+23 1
+3 1
-18 1
+9 1
+9 2 1
-18 1 1
+15 1 0 1
+3 2 0 1 1 0 0 1
+4 1
-13 1 1
+13 2 1
-22 1 0 1
+22 2 0 2
+5 1
-18 1 0 1
+18 1
-4 1 0 1
+4 3 1 1 1 0 0 1
+1 1 1
+2 1 1
+5 1 1
-7 2 0 1
+1 1 1
+1 1 0 1
-1 2 0 1 1 0 0 1
+5 1
+2 1 1 0 0 1 0 0 1
-2 4 1 1
+1 1
+1 1
-1 2 1
+1 1 0 1
-1 1 0 1
+3 2 0 0 1 0 0 1
+1 4 0 1
+14 2
+4 2 0 1
+1 2 0 1
-1 4 0 2 1 0 0 1
+1 2 0 1
+2 3
+91 1 1
-1 2
+17 4 1 0 1 0 0 1
+16 2 1
+5 1 1 0 1 0 0 1
-1 2 0 1
+4 4 1 1
+4 2
fi=(18) ./elf/../sysdeps/x86/get-isa-level.h
30 1 1
fe=(16)
389 2
+4 3 1 0 1 0 0 1
fi=(19) ./elf/../sysdeps/unix/sysv/linux/x86/dl-hwcap2.h
25 2 1
fi=(18)
+6 1
-3 1
+3 2
fe=(16)
402 1 0 1
+1 7 7
-92 3 0 0 1 0 0 1
+1 2
+5 1
-1 1
+10 1
-6 1
+2 1 0 1 1 0 0 1
-2 1 0 1
+3 1 0 1 0 0 1 0 0 1
+3 1
fi=(18)
32 3 1 0 1 0 0 1
+7 4
+1 3 1
+8 1
-1 1
+1 2 0 0 1 0 0 1
+3 4 1
+3 2
+9 5
fe=(16)
176 4 0 1 1 0 0 1
+6 2
+14 1 1
+12 3 0 1
-12 1
+12 1
-12 1
+2 1 0 0 1 0 0 1
+10 1
-10 2 1
-2 1 0 1
+2 1 0 1
+6 2
+4 1 0 1
-4 1
+2 1 1
-2 1 0 1
+2 3 0 1 1 0 0 1
+7 5 1 1
-24 1 0 1 1 0 0 1
-5 2 0 1
+4 1

fn=(36) init_cpu_features.constprop.0
728 1 0 1 1 0 0 1
+23 1
-23 7 0 5
+3 1 0 1
+9 1 0 1 1 0 1 1 0 1
-8 1 0 1
+1 1 0 1
+9 1 0 1 0 0 1 0 0 1
+9 2 0 1
+3 6 0 0 1 0 0 1
+6 6 0 1
cfn=(38) get_common_indices.constprop.0
calls=1 431 
* 71 10 23 7 0 3 7 0 3
409 3
+1 2
+1 6 0 4 1 0 0 1
+5 2
+1 6 0 4 0 0 1 0 0 1
+5 2 0 0 1 0 0 1
+1 8 0 4
765 1 0 1
cfn=(42)
calls=1 90 
* 202 41 43 19 1 1 19 1 1
+4 1 1
+42 1 1 0 1 0 0 1
-38 1 1
+15 1 1
-18 1
+41 1 0 1
-36 1 1
-5 1
+39 1 1
-39 1 0 1
+3 2
901 2 1 0 1 0 0 1
+7 2 0 1
+60 2 1
+7 2 1
+2 2 0 1
+4 2
+6 2 1 0 1 0 0 1
1156 1
758 1
1156 1
fi=(20) ./elf/../sysdeps/x86/dl-cacheinfo.h
1010 6 0 1
fe=(16)
755 1 0 0 1 0 0 1
1148 3 1 0 1 0 0 1
+1 2 0 1
+3 2
+1 2 0 1
+3 2
+7 1 0 1
+1 1 0 1
+1 1 0 1 1 0 0 1
+1 1 0 1
fi=(20)
861 2
964 1 1 0 1 0 0 1
+5 1 0 1
+11 1
-9 1 1
+4 1 0 1
+5 1
-16 1 0 1 0 0 1 0 0 1
+1 1 1
+15 1
-9 1 0 1
+2 1 1 0 1 0 0 1
-8 1 0 1
+1 1 1
+4 1 0 1
-4 1 0 1
+1 1 1
+5 1 0 1
-5 1 0 1
+1 1 1
+5 1 0 1
-5 1 0 1 1 0 0 1
+6 1 0 1
+37 2
-17 3 1
+8 2
+29 6 0 0 1 0 0 1
+9 2
+20 2 1 0 1 0 0 1
+13 2
-13 1
+6 1
+20 1
-20 1
+7 1
-7 1 0 1
+7 1 0 1
cfi=(11)
cfn=(28)
calls=1 435 
* 17 4 1 0 2 0 0 2
* 1 1
+3 1 1
+2 2
-3 1
+1 3 1 1 1 0 0 1
+2 1
-2 1 0 1
+2 1 0 1
cfi=(11)
cfn=(28)
calls=1 435 
* 17 4 1 0 2 0 0 2
* 1 1
+12 1
+68 1 1
-68 1
-10 1
+78 2 1
-72 2 1 0 1 0 0 1
+72 1 0 1
-68 1
+68 1 0 1
-68 1 0 1
cfi=(11)
cfn=(28)
calls=1 435 
* 17 4 1 0 2 0 0 2
* 1 1
+5 1
-4 1
+4 1
-4 2
+55 1 0 0 1 0 0 1
-51 1
+51 1 0 1
-51 1 0 1
cfi=(11)
cfn=(28)
calls=1 435 
* 17 4 1 0 2 0 0 2
* 1 1
+5 1
-4 1
+4 1
-4 2
+37 1
-33 1
+33 1 0 1
-33 1 0 1 1 0 0 1
cfi=(11)
cfn=(28)
calls=1 435 
* 17 4 1 0 2 0 0 2
* 1 1
+7 1
-6 1 1
+6 1
+42 1 1
-42 2 0 1
cfi=(11)
cfn=(28)
calls=1 435 
* 17 4 1 0 2 0 0 2
+2 1 1
-2 1 1
+42 1
-40 1
-2 1 0 1 1 0 0 1
+26 10 1 6
cfi=(11)
cfn=(58) __GI___tunable_set_val
calls=1 162 
* 40 7 4 4 0 0 4
+6 3 2 0 1 0 0 1
+3 9 1 5
cfi=(11)
cfn=(58)
calls=1 162 
* 40 7 4
+2 10 2 5 1 0 0 1
cfi=(11)
cfn=(58)
calls=1 162 
* 40 7 4
+1 10 2 5 1 0 0 1
cfi=(11)
cfn=(58)
calls=1 162 
* 40 7 4
+1 11 1 5 1 0 0 1
cfi=(11)
cfn=(58)
calls=1 162 
* 40 7 4
+3 10 1 5 1 0 0 1
cfi=(11)
cfn=(58)
calls=1 162 
* 40 7 4
+8 1 1
fe=(16)
+13 2
fi=(20)
-10 1 1
fe=(16)
+10 1
fi=(20)
-9 1 0 1
-4 1 0 1
+1 1 1 0 1 0 0 1
+2 1 0 1
+2 1 1
-4 1 0 1
+1 1 1
+3 1 0 1
-3 1 0 1
+4 1 0 1
fe=(16)
+7 1 0 1
cfi=(11)
cfn=(28)
calls=1 435 
* 16 3 1 0 2 0 0 2
+3 4 0 1 1 0 0 1
cfi=(11)
cfn=(28)
calls=1 435 
* 18 4 1
+9 1 1
+4 1 1
-4 2
+55 1 1 0 1 0 0 1
-1 1 0 1
+1 1
+45 4 0 1
cfi=(11)
cfn=(28)
calls=1 435 
* 16 3 1 0 2 0 0 2
+2 4 0 1 1 0 0 1
cfi=(11)
cfn=(28)
calls=1 435 
* 16 3 1 0 1 0 0 1
+4 2 1
+3 4 1
+3 1 0 1 0 0 1 0 0 1
+35 3
-32 1 0 1
+32 1 0 1
cfi=(11)
cfn=(28)
calls=1 435 
* 18 4 1 0 2 0 0 2
+7 8 7
fi=(20)
1046 3 0 1 1 0 0 1
+3 1
+1 2 0 1 1 0 0 1
fe=(16)
1195 1
+1 1
-1 1
+1 2
+45 3 1 0 1 0 0 1
+27 2 0 1
-10 3 0 0 1 0 0 1
+1 3 0 0 1 0 0 1
+6 1
-3 2 1
fi=(20)
863 3 0 2 1 0 0 1
cfn=(50) handle_intel.constprop.0
calls=1 266 
* 443 51 20 13 6 0 13 6
+1 1
-1 1 0 1
+1 1 0 1
cfn=(50)
calls=1 266 
* 521 51 20 1 0 0 1
+4 1
-4 1 0 1
+1 2 0 2 1 0 0 1
+3 1 0 1
cfn=(50)
calls=1 266 
* 471 51 20
+2 1
-2 1 0 1
+2 1 0 1
cfn=(50)
calls=1 266 
* 463 51 20 1 0 0 1
+3 1
-3 1 0 1
+1 2 1 1
+2 1 0 1
cfn=(50)
calls=1 266 
* 433 51 20
+2 1
-2 1 0 1 1 0 0 1
+2 1 0 1
cfn=(50)
calls=1 266 
* 435 51 20
+2 1
-2 1 0 1
+2 1 0 1
cfn=(50)
calls=1 266 
* 496 51 20
+2 1
-2 1 0 1
+2 1 0 1
cfn=(50)
calls=1 266 
* 486 51 20
+2 1
-2 1 0 1
+2 1 0 1
cfn=(50)
calls=1 266 
* 488 51 20
+1 1 1 0 1 0 0 1
+2 1
-3 1 0 1
+1 1 0 1
+2 1 0 1
cfn=(50)
calls=1 266 
* 511 51 20
+2 1
-2 1 0 1
+2 1 0 1
cfn=(50)
calls=1 266 
* 513 51 20
+2 1
-2 1 0 1
+2 1 0 1
cfn=(50)
calls=1 266 
* 514 51 20
+2 4 1 0 1 0 0 1
-2 1 0 1
+2 2 0 2
cfn=(56) get_common_cache_info.constprop.0
calls=1 624 
* 206 22 18 12 0 0 12
1001 1 1
-6 3 3
+6 1
-6 2 1 1 1 0 0 1
+6 2
-6 2 1 1
+6 3 2
-1 2
fe=(16)
775 3 1 1 1 0 0 1
565 4 1 0 1 1 0 1 1
781 5
+37 2 0 0 1 0 0 1
+3 2 0 1
926 1 0 1
+1 2

fn=(38)
431 3 0 2 1 0 0 1
+4 4
+3 3 0 1 0 0 1 0 0 1
+5 2 0 0 1 0 0 1
-5 1 0 1
+5 1
-5 1 0 1
+4 1 0 1
+1 1 0 1
+1 4 0 1
+1 4 0 1
+1 3 0 1
+1 2 1 0 1 0 0 1
+7 2 1
+2 4 0 1
+5 1
-5 1 0 1
+5 1
-5 2 0 2
+5 1
+7 1 1 0 1 0 0 1
-7 4 0 4 0 0 1 0 0 1
+7 1
+1 3
+6 1 1
-6 4 0 4 1 0 1 1 0 1
+6 1
fi=(17) ./elf/../sysdeps/unix/sysv/linux/x86/dl-minsigstacksize.h
24 2 1 0 1 0 0 1
+3 2 1
+1 2 1
+37 3
+9 2 0 1 1 0 0 1
fe=(16)
490 3 3

fl=(14) ./elf/../sysdeps/unix/sysv/linux/brk.c
fn=(30) brk
36 1 0 0 1 0 0 1
fi=(314) ./elf/../sysdeps/unix/sysv/linux/brk_call.h
-12 2
fe=(14)
+13 1 0 1 0 0 1 0 0 1
+1 2
+6 1
+1 1 1

fl=(29)
fn=(128)
197 27
+1 27
+1 27
+1 27
+17 27
+1 27
+2 8 8 0 0 1
+1 8
+1 8
+2 2 2
+1 2 0 2
+1 2 0 2
+2 2 2
+80 19
+1 19
+2 6
+4 6
+1 6
+1 6
+8 6 6
+39 13 13 0 1 0 0 1
+1 13 13
+1 13 0 13 0 0 2 0 0 2
+1 13 0 13
+1 13 13
+7 6 6 0 0 1
+1 6 6
+1 6 0 6 0 0 3 0 0 3
+1 6 0 6 0 0 1 0 0 1
+1 6 0 6 0 0 2 0 0 2
+1 6 0 6
+1 6 6
+11 6
+1 6
+2 6 6
+1 6
+1 6

fn=(80)
210 37 0 0 3 0 0 1
+1 37
+6 37
+1 37
+2 28 28 0 0 5 0 0 1
+1 28
+1 28
+2 8 8 0 0 1
+1 8 0 8 0 0 1 0 0 1
+1 8 0 8 0 0 1 0 0 1
+2 8 8
+80 9 0 0 1 0 0 1
+1 9
+2 1
+4 1
+1 1
+1 1
+1 1 1 0 0 1 0 0 1
+1 1
+4 1 0 1 0 0 1 0 0 1
+2 1 1
+39 8 8
+1 8 8
+1 8 0 8 0 0 5 0 0 5
+1 8 0 8 0 0 1 0 0 1
+1 8 8
+7 16 16
+1 16 16
+1 16 0 16 0 0 3 0 0 3
+1 16 0 16 0 0 1 0 0 1
+1 16 0 16 0 0 6 0 0 6
+1 16 0 16
+1 16 16
+11 20 0 0 1
+1 20
+2 19 19 0 0 1
+1 19 0 0 2 0 0 1
+1 19
+2 3 3 0 0 1
+1 3 3 0 0 1
+1 3 3 0 0 2
+1 3 3
+1 3 3
+1 3 3
+1 3 0 3 0 0 1 0 0 1
+1 3 0 3
+1 3 0 3 0 0 1 0 0 1
+1 3 0 3
+1 3 0 3 0 0 2 0 0 2
+1 3 0 3
+1 3 0 3
+1 3 0 3 1 0 0 1
+1 3 3
+4 1
+1 1
+4 1
+2 1
+16 1
+3 1
+2 1
+2 1
+4 1
+1 1
+9 1 1 0 0 1 0 0 1
+1 1 1 0 0 1 0 0 1
+2 1
+2 1
+1 1 1
+1 1 1 0 1 0 0 1
+3 1
+2 1
+2 1
+2 1
+6 1 1
+1 1 1
+1 1 1
+1 1 1 0 0 1 0 0 1
+1 1
+1 1 0 1 0 0 1 0 0 1
+1 1 0 1
+1 1 0 1
+1 1 0 1 0 0 1 0 0 1
+1 1
+1 1
+1 1
-11 2 2
+1 2 2
+1 2 2
+1 2 2 0 0 1 0 0 1
+1 2
+1 2 0 2
+1 2 0 2
+1 2 0 2
+1 2 0 2 0 0 2 0 0 2
+1 2
+1 2
+1 2
+2 1 0 1 1 0 1 1 0 1
+1 1 0 1
+1 1 0 1
+1 1 0 1
+2 1 0 1
+4 1 1

fl=(75) ./elf/./elf/dl-version.c
fn=(258) _dl_check_map_versions
155 63 0 42 1 0 0 1
+15 21 7
+2 21 14
+2 21 7 7 1 1 0 1
+1 7 7
+2 14
+3 10 10
+4 10 5 0 0 5 0 0 5
-20 5 0 5
-8 5 0 5
+69 35 0 15 1 0 0 1
36 10 5
200 10 10
36 29 12 0 1 0 0 1
200 14 14
36 57 7
+1 53 53
-1 106
+2 195 0 65
cfi=(55)
cfn=(174)
calls=65 +30 
* 6340 1435 329 3 0 0 3
* 154
208 24
+5 12 12 0 0 1 0 0 1
99 48 12 36 1 0 0 1
213 24
+4 24 24 0 0 5 0 0 5
+1 24 24
-1 12
+4 24 12 12
-3 48 36 0 1 0 0 1
-1 82 82 0 0 10 0 0 10
+1 82 82
-1 41
+4 82 41 41
-3 229 149
56 212 159
+8 106 53 0 1 0 0 1
+6 159 53
+16 53 53
+1 106
+2 53 53
+5 477 53 159 1 5 0 1 5
+14 1840 920 0 0 13 0 0 13
+12 2601 867 0 0 11 0 0 11
+4 867
-30 1734 867 0 0 27 0 0 27
231 212 53 0 1 0 0 1
+3 159 53
+5 41
-24 41
110 53 53 0 1 1 0 1 1
+3 212 53 106 0 3 0 0 3
cfi=(34)
cfn=(98)
calls=53 -15 
* 2370 414 0 12 27 0 12 27
* 212 106 0 1 0 0 1
224 159 53
+1 3 0 1
cfi=(34)
cfn=(98)
calls=1 98 
* 68 9
* 2
+3 38 24 13 1 0 0 1
+15 36 12
+5 7
-50 7
+59 25 15 0 2 0 0 2
+3 10 10
+3 35 10 5
+3 25 5
+4 5
-7 20 5
+3 15 5
+4 136
-7 544 136 0 0 15 0 0 15
+3 413 136 5 0 6 0 0 6
+8 15 5
+6 12 6 6 1 0 0 1
fi=(28)
44 6
fe=(75)
280 12
fi=(28)
44 6 6 6
cfi=(27)
cfn=(72)
calls=6 +36 
* 239 36 28
fe=(75)
281 12 6 0 1 0 0 1
-2 6 0 6
fi=(28)
44 6
fe=(75)
281 6
+13 6 6
-3 6 0 6
+3 24 12 6 0 1 1
+2 12 0 0 1 0 0 1
+3 20 10
+4 36 12
+7 53
+1 53
-1 106 53
+1 53 0 53 0 0 18 0 0 18
+1 53 53
-2 53 0 53
+2 106 0 53 0 0 4 0 0 4
+1 159 53 53 0 0 2 0 0 2
+3 159 53
+5 41
-15 41 41
+2 41
-2 41
+2 41
-2 41
+2 82
-2 12 12 0 1 0 0 1
+2 12
-2 12
+2 12
-2 12
+2 24
+16 36 12 0 1 0 0 1
+5 7
-28 7
+71 12
+1 10 5
+1 10 5
+1 4 2
+19 63 56 0 1 0 0 1
164 2 0 2
-8 2 0 2
257 5
+77 10 0 0 1 0 0 1
+3 10 5
+4 141 141
+6 141 141
+1 141 141
+1 141 141
-1 282
+1 141
-1 141 0 141 0 0 37 0 0 37
+1 141 0 141
+1 141 0 141 0 0 17 0 0 17
+3 423 141
+4 141
-14 292 146 0 1 0 0 1
+10 39 11 0 1 0 0 1
+11 618
+1 412 206
+1 36 0 12
-32 2 0 0 1 0 0 1
-40 2 1
-20 3 1 0 1 0 0 1
377 4 3 0 1 0 0 1
+2 124 32
+1 60 0 0 1 0 0 1
+2 1 1
+1 2 0 0 1 0 0 1
-1 1
+1 1 0 1
cfi=(34)
cfn=(260) strncmp
calls=1 98 
* 55 6 0 5 2 0 5 2
* 2

fn=(256) _dl_check_all_versions
399 7 0 5 1 0 0 1
+4 5
-2 3
+4 42 7 7 1 0 0 1
cfn=(258)
calls=7 155 
* 26429 7851 1556 48 133 79 48 131 78
-2 7 7
+1 7
-1 14
+5 7 6 0 1 0 0 1

fl=(208)
fn=(716)
46 679 0 485
+9 97 0 0 1 0 0 1
-9 194 0 97
fi=(315) ./elf/../sysdeps/x86_64/dl-runtime.h
-18 97
fe=(208)
+18 97
+2 776 388 0 0 10
+1 194 194
+5 97 97 0 0 4
+1 291 97 0 1 4 0 1
+1 97 97 0 0 93
+2 97 97 0 0 5
-2 582 0 97 0 0 2
+7 194
+4 194 97 0 0 95 0 0 55
+4 97 97 0 3 4 0 1
-22 97
+20 97
+2 194
+4 291 194 0 0 85 0 0 1
+1 388 97 0 0 3
-7 388 97 0 0 20
+16 97 97
-1 97 0 0 2 0 0 1
+1 194
+10 873 194 291 0 4
cfi=(82)
cfn=(294)
calls=97 767 
* 69162 18612 7014 49 624 45 0 126 1
+4 291 291 0 2 0 0 1
-4 97
+4 194
+10 970 388 97 0 2
+15 388 97 0 2 0 0 1
+9 291 97
+26 291 97 0 0 3
fi=(6) ./elf/../sysdeps/x86_64/dl-machine.h
+64 97 0 97 2 0 0 1
fe=(208)
-60 776 679
-40 4 0 4 2 0 0 1
fi=(316) ./elf/../sysdeps/x86_64/dl-irel.h
-91 4 0 4
cob=(2)
cfi=(138)
cfn=(444)
calls=1 -3 
* 21 4 0 2
cob=(2)
cfi=(102)
cfn=(346)
calls=1 -3 
* 22 4 0 4 1
cob=(2)
cfi=(124)
cfn=(400)
calls=1 -3 
* 25 5 0 2
cob=(2)
cfi=(93)
cfn=(322)
calls=1 -3 
* 23 4 0 1
fe=(208)
+93 12 4 4 2 0 0 1

fl=(67) ./elf/./elf/dl-deps.c
fn=(222) openaux
61 72 0 24 1 0 0 1
+7 12 12
-4 36 36
+1 12 12
-1 84 12 12
cfi=(31)
cfn=(170)
calls=12 2213 
* 24612 4784 2386 117 180 191 117 180 191
* 12 0 12
+5 36 36

fn=(218) _dl_map_object_deps
143 5 0 1 1 0 0 1
+1 2
-1 1
+1 1
-1 2 0 2
+1 1
-1 1 0 1
+1 1
-1 4 0 3 1 0 1 1 0 1
+1 3
-1 1 0 1
+1 7 0 0 1 0 0 1
-8 1 1
+8 2
-8 1
-6 1
-2 1 0 1 0 0 1 0 0 1
+16 1
-8 1
-7 1 0 1
+1 1 0 1
+6 1 0 1 1 0 0 1
+24 4
-28 3 0 1
-2 1
+31 1 1
-33 1 0 1
+32 1
-30 2
+30 1
-30 1
-1 4 0 1 1 0 0 1
+7 4 1 1
+24 3
+28 3 1 1 0 0 1 0 0 1
-6 1 1 0 1 0 0 1
-18 1 0 1
+22 1
fi=(74) ./elf/../include/scratch_buffer.h
77 3 0 2 0 0 1 0 0 1
+1 1 0 1
fe=(67)
184 1 0 1
+48 3 0 3 1 0 0 1
-35 1 1
-4 1 0 1
+4 8 6
-4 6 0 6
+4 12
+11 18 9 0 0 1 0 0 1
-18 2
+18 4 2
417 14 0 0 1 0 0 1
+2 5
+3 5
-3 15 0 10 0 0 1 0 0 1
+3 10 0 5
fi=(28)
56 5 5 5
cfi=(27)
cfn=(76)
calls=5 -20 
* 90 15 15
fe=(67)
423 10 5 0 1 0 0 1
fi=(28)
56 5
fe=(67)
423 5
+6 5 0 5 0 0 2 0 0 2
+1 15 0 5
cfi=(29)
cfn=(80)
calls=5 210 
* 63 17 12 0 0 1 0 0 1
+1 30 5 5
cfi=(29)
cfn=(80)
calls=5 210 
* 63 17 12 0 0 2 0 0 2
+3 5 0 5
+1 5 0 5
+4 21 7 0 1 0 0 1
188 12 6
442 18 6
-1 7 7
+1 14
183 5 3
+27 20 15 0 1 0 0 1
+7 5 5
+4 5 5
-6 5 0 5 1 0 0 1
+1 5 0 5
+1 5 0 5
+4 5 5
-3 10 5 5
+3 10
+7 5
-38 10 0 10 1 0 0 1
+38 5
-9 5 0 5
-29 5 0 5
+38 5 0 5
-38 10
+32 298
+6 48 24 12
cfi=(31)
cfn=(220)
calls=12 * 
* 612 108 60 2 4 1 2 4 1
* 36 0 0 1 0 0 1
+4 24 0 0 1 0 0 1
-2 12 0 12
+2 24 0 12
cfi=(53) ./elf/./elf/dl-catch.c
cfn=(164) _dl_catch_exception
calls=12 -24 
* 25692 5072 2698 118 180 195 118 180 195
+1 24 12
+9 12 12 0 1 0 0 1
+2 24 12
+5 25 0 5
+6 5 5
+2 5 0 5 1 0 0 1
-8 10
+3 5 0 5
+1 5 0 5
+1 5 0 5
+1 5 0 5
+4 5 5
-3 5 0 5
+3 15 0 5
+4 36 12 0 1 0 0 1
+1 27 0 9
-43 616 159 0 0 2
+7 24 0 0 1 0 0 1
+38 411 0 0 1 0 0 1
fi=(74)
85 3 2 0 1 0 0 1
fe=(67)
448 5 1 0 1 0 0 1
+1 1 0 1
+3 4 1 1 1 0 0 1
+11 5 1 2
fi=(28)
56 1 1 1 1 0 0 1
cfi=(27)
cfn=(76)
calls=1 -20 
* 18 3 3
fe=(67)
465 3 2
fi=(28)
56 1
fe=(67)
465 1
+5 3 2
+1 1 0 1
-1 2 0 1
+4 3 0 0 1 0 0 1
-2 2
+13 6
-7 6 6
+7 6
-1 6
+1 6 0 6
-1 6
+6 6 0 6
-16 18 6
+4 1 1 0 1 0 0 1
+7 1
-1 1
+1 1 0 1 0 0 1 0 0 1
-1 1
+6 1 0 1
-16 3 1
+21 3 1
+37 2 0 0 1 0 0 1
+15 1
+1 1
-15 2
+20 1 1 0 1 0 0 1
-1 4 0 1
+1 2 1 1 1 0 0 1
-1 5 1 1
cfi=(13)
cfn=(248)
calls=1 298 
* 445 118 70 12 1 0 12
+5 1 0 1
+2 1 1
+1 1 0 1
+1 2 1
-2 1 0 1 1 0 0 1
+2 1
+7 3 1
+3 2
+3 8 7
198 46 20 0 2 0 0 2
+3 5
fi=(74)
-70 15 0 5
cfi=(73)
cfn=(244)
calls=5 30 
* 125 30 20 2 0 0 2
fe=(67)
+70 10
+4 10 5
547 5 0 3
cfi=(29)
cfn=(80)
calls=1 210 
* 19 5 4 0 0 1 0 0 1
* 3 2
-53 2 0 0 1 0 0 1
144 2 0 1 1 0 1 1 0 1

fl=(39)
fn=(112)
171 6 0 3 1 0 1 1 0 1
+3 1
-3 3 0 2
+3 1
-3 6 0 4
+2 1 0 1
cfi=(40) ./elf/../sysdeps/x86_64/dl-hwcaps-subdirs.c
cfn=(114) _dl_hwcaps_subdirs_active
calls=1 29 
* 36 6 0 3 0 0 3
fi=(41) ./elf/./dl-hwcaps.h
43 1 0 1
fe=(39)
173 1 0 1 1 0 0 1
fi=(41)
45 1 0 1
+32 1 0 1
+1 1 0 1
+1 1
fe=(39)
-28 2 0 1
cfi=(42) ./elf/./elf/dl-hwcaps_split.c
cfn=(120) _dl_hwcaps_split_masked
calls=1 * 
* 22 8 6 2 0 0 2
* 2
fi=(41)
-8 1 0 0 1 0 0 1
+2 1 0 1
-2 1 0 1
+34 2 1 1
+1 2 1 1
+1 1
fe=(39)
-25 2 2
-1 2
+1 2
+2 4
-5 4 0 2
cfi=(42)
cfn=(120)
calls=2 * 
* 128 28 19
* 2 0 1 1 0 0 1
cfi=(42)
cfn=(120)
calls=1 * 
* 125 22 15 6 2 0 6 2
* 6
+48 4 0 2
fi=(28)
-43 2 1 1
cfi=(27)
cfn=(76)
calls=1 -20 
* 18 3 3
fe=(39)
+45 2 1
-2 1 0 1
+2 1
fi=(41)
-58 3 0 1
fe=(39)
+61 1 0 1 1 0 0 1
fi=(41)
-59 1 0 1
fe=(39)
+66 1 0 1
fi=(41)
-65 1
fe=(39)
+65 2 0 1 1 0 0 1
cfi=(42)
cfn=(124) _dl_hwcaps_split
calls=1 -86 
* 7 2 0 1 0 0 1
* 2
fi=(41)
-68 2
+2 1 0 1
-2 3 0 1
+34 2 1 1
+1 2 1 1
fe=(39)
+46 3
fi=(41)
-45 1
fe=(39)
+47 10 4 2 0 0 1 0 0 1
+1 4 2 2
+1 2
+1 2
-1 2 0 2
-4 4 0 2
cfi=(42)
cfn=(120)
calls=2 -73 
* 128 28 19
* 2 0 1 1 0 0 1
cfi=(42)
cfn=(120)
calls=1 -73 
* 125 22 15
* 6
+8 4 1 0 1 0 0 1
+9 3 1
+3 1 1
-3 9 0 7 1 0 0 1
+1 7 1 1
+8 2 2
+4 2 2
-4 2 0 0 1 0 0 1
+4 3 0 1
cfi=(44)
cfn=(126)
calls=1 -95 
* 19 5 0 2 0 0 2
+1 2
+1 1
+4 1 1
+1 2 1
+1 1 0 1
-20 2
+19 1 0 1
+1 1 0 1
-20 3 1 0 1 0 0 1
-1 8 6
+47 4 1 2 1 0 1 1 0 1
-3 1
+7 1 1
-7 1
+7 1
fi=(28)
56 1 1 1
cfi=(27)
cfn=(76)
calls=1 -20 
* 18 3 3
fe=(39)
193 2 1
fi=(28)
56 1
fe=(39)
193 1
-9 1
fi=(41)
43 1 0 1
fe=(39)
+36 1 0 0 1 0 0 1
200 1
-16 1 0 1
+17 1 1
79 1
fi=(41)
-34 1 0 1
fe=(39)
201 1 1
fi=(41)
77 1 0 1
+1 1 0 1
fe=(39)
201 3 0 1
fi=(41)
79 1
fe=(39)
-3 2 0 1 1 0 0 1
cfi=(42)
cfn=(120)
calls=1 -25 
* 22 8 6
* 2 0 0 1 0 0 1
fi=(41)
-33 1
+2 1 0 1
fe=(39)
+34 2
fi=(41)
-36 1 0 1
+34 2 1 1
+1 2 1 1
+1 1
fe=(39)
-1 2 0 2
+1 4 2
+7 2
-7 8 2 6 0 0 1 0 0 1
cfi=(29)
cfn=(128)
calls=2 197 
* 26 6 4 1 0 0 1
+4 2 0 2
+2 2 2
+2 2
-2 4 0 2
-9 4 0 2
cfi=(42)
cfn=(120)
calls=2 -25 
* 128 28 19
* 2 0 1 1 0 0 1
cfi=(42)
cfn=(120)
calls=1 -25 
* 125 22 15
* 6 0 0 1 0 0 1
212 2 2
-5 2 1 1
+1 1 0 1
+4 1 0 1
+3 9 7

fl=(2) ./elf/./elf/rtld.c
fn=(2) _dl_start
519 10 0 7 1 0 1 1 0 1
84 1
fi=(6)
-29 1 0 0 1 0 0 1
fe=(2)
549 1 0 1 0 0 1 0 0 1
-4 1 0 1 0 0 1 0 0 1
fi=(6)
55 1
fe=(2)
+29 3 0 1 0 0 1 0 0 1
548 2 0 1
fi=(3) ./elf/./get-dynamic-info.h
45 4 1 0 1 1 0 1 1
+23 20 0 18 0 0 7 0 0 7
-23 72 18 0 0 5 0 0 5
+4 36
+3 5
-1 10
+3 20 0 0 1 0 0 1
+1 16
+1 5
fi=(4)
+23 1 1
fi=(3)
+31 1 1 0 1 1 0 1 1
-38 3
+12 4 1 1
+1 3 1 0 0 1 0 0 1
+1 4 1 1 1 0 0 1
+1 4 1 1
+1 5 1 1
+1 3 1
+1 4 1 1 1 0 0 1
+1 4 1 1
+12 7 2
+7 2
+13 3 2 0 1 0 0 1
+6 3 1
+1 3 2
+3 2 1 0 1 0 0 1
+1 3 1
+5 5 2
+3 5 2 0 1 0 0 1
fe=(2)
565 140 8 13 1 1 5 1 1 5
fi=(3)
59 4 0 0 2 0 0 2
fe=(2)
565 12 0 0 1 0 0 1
fi=(4)
79 1 1
fe=(2)
565 1 1
fi=(4)
79 2 0 0 1 0 0 1
fe=(2)
565 27 5 5 2 0 1 2 0 1
fi=(5) ./elf/./elf/do-rel.h
49 1 1
+4 1
-4 1
-1 1
+1 1
+4 4 2
+3 2
fe=(2)
565 1 1
fi=(5)
49 1 1
+4 1
-4 1
-1 1
+1 1
+4 4 2
+3 2
-6 8 0 0 1 0 0 1
+11 5
+2 1 1 0 1 0 0 1
fi=(6)
273 3
fi=(5)
63 1
+2 1 1
-1 2
fi=(6)
282 10 4 0 1 1 0 1 1
+4 2
+26 4
fi=(5)
61 3
fe=(2)
565 8
fi=(5)
51 1 1 0 1 0 0 1
fi=(4)
+28 2 1
fe=(2)
567 1 0 1 1 0 0 1
454 1 0 1
cfi=(7)
cfn=(12) __rtld_malloc_init_stubs
calls=1 42 
* 10 1 4 1 0 2 1 0 2
+4 5 1 1 1 0 0 1
84 1
476 1
84 3 0 1
476 1 0 1
cfi=(8)
cfn=(14)
calls=1 25 
* 27 8 6 3 1 0 3 1
+1 1
+4 1
+9 1 0 1
-13 1 0 1 1 0 0 1
+19 1
-17 1 0 1 0 0 1 0 0 1
+2 1 0 1
+15 2 1 1
cfi=(9) ./elf/../sysdeps/unix/sysv/linux/dl-sysdep.c
cfn=(16) _dl_sysdep_start
calls=1 102 
* 1798020 470732 173256 1133 11418 2537 1110 7395 1801
* 1 0 0 1
+2 2 1
+87 9 7 0 1 1
fi=(3)
62 4 0 0 1 0 0 1
+2 4
+39 3 0 1 1 0 0 1
fe=(2)

fn=(168) map_doit
641 2 0 1 1 0 0 1
+2 1
-2 4 0 1
+2 1 1
+1 2 2
-1 2
+1 3 0 1 0 0 1 0 0 1
cfi=(31)
cfn=(170)
calls=1 2213 
* 2664 558 295 99 36 35 99 36 35
* 1 0 1
+2 3 3

fn=(64) dl_main
1356 2 0 1 1 0 0 1
196 1
1356 11 0 7 1 0 1 1 0 1
198 1 0 1
301 1 0 1
+1 1 0 1
196 1 0 1
+99 3 0 3
1368 1 0 1 0 0 1 0 0 1
cfi=(24)
cfn=(66) __tls_pre_init_tp
calls=1 54 
* 17 1 5 2 0 1 2 0 1
2745 1 1 0 1 0 0 1
2513 1 1
2745 3 0 1
2584 1 0 1 0 0 1 0 0 1
+2 1
+15 2
-13 2 0 1
cfi=(25)
cfn=(68)
calls=1 28 
* 35 13 1 2 0 0 2
* 4 0 2
cfi=(25)
cfn=(68)
calls=2 28 
* 173 61 1
* 9 0 0 1 0 0 1
+4 6 2
-2 2
+2 8
+1 2
-1 6 2
+1 17
-1 89 17
+9 12 2 0 1 1 0 1 1
2712 2 1
+10 3 1
1378 1 1 0 1 0 0 1
+1 2 1
-1 2 1 1
+1 2 1
2673 3 1 0 1 0 0 1
-47 2 1 0 1 0 0 1
+10 2 1
1646 8 0 1 1 0 0 1
cfi=(26)
cfn=(70)
calls=1 59 
* 197 29 50 19 3 12 19 3 12
* 1 0 1
+2 2
+1 3 0 1 1 0 0 1
+6 1
-5 2 1 1
+1 3 2 1
+4 1 0 1
cfi=(26)
cfn=(82)
calls=1 31 
* 33 9 8 3 1 0 3 1
+1 2 1
1095 1 1
-1 1 1 0 1 0 0 1
1361 1
1122 1
-21 2 2 0 0 1 0 0 1
+21 1
-19 1 0 1
+1 1 0 1
+18 1
-21 1 0 1 0 0 1 0 0 1
+21 2
+1 1 0 1 1 0 0 1
-1 1
-25 1
+22 1
+4 115 24 1 0 8 0 0 8
+33 8 8 0 1 1 0 1 1
-1 4 4
+1 16
-1 4
+2 8 4
+1 1 0 1
+2 12 4
+1 14
+4 8 4 0 1 3 0 1 3
+1 8 4
+1 4 0 4
+4 8
-49 31 2 0 1 0 0 1
+88 22
+6 4 0 1
cfi=(31)
cfn=(88)
calls=1 842 
* 87 17 4 9 2 0 9 2
-7 28
+1 14 14
+6 14
-6 28
fi=(32)
149 6 3 0 1 0 0 1
fe=(2)
1127 1 0 0 1 0 0 1
-5 1
+5 2 1 1
-5 2
+21 1 1
-21 1
+21 1 1 0 0 1 0 0 1
+2 1 0 0 1 0 0 1
-3 1 0 1
+5 1
-2 1 0 1
-23 2
+10 2 2
-10 1
+10 1 0 1
+1 9 2 1 1 0 0 1
-11 2
+1 14 0 0 1 0 0 1
+80 1 1 0 0 1 0 0 1
-81 1
+81 2 1 1
-81 3
fi=(30)
62 2 1
fe=(2)
1122 1
fi=(30)
62 6 0 1 1 0 0 1
fe=(2)
1122 4 1
1222 4 2 0 0 1 0 0 1
+3 3 2 0 1 0 0 1
+2 2 1
1679 1 0 1
cfi=(33) ./elf/./elf/dl-execstack-tunable.c
cfn=(94) _dl_handle_execstack_tunable
calls=1 24 
* 33 7 3 2 1 0 2 1
fi=(4)
96 3 1 0 1 0 0 1
+3 4 3
+1 1 1
fe=(2)
1685 3 1
+1 4 2 1 1 0 0 1
cfi=(34)
cfn=(98)
calls=1 98 
* 45 6 0 6 2 0 6 2
* 2
+13 2 1
+2 2
fi=(3)
39 4 2
+6 1 1 0 0 1 0 0 1
-2 1
+2 2
+23 28 0 28 0 0 8 0 0 8
-23 112 28 0 0 7 0 0 7
+4 56 0 0 1 0 0 1
+3 6
-1 12
+3 24 0 0 1 0 0 1
+1 20
+17 4 2
+43 2 1 0 1 0 0 1
+7 3 2
+1 4 3
+6 3 1
+18 4 2 0 1 0 0 1
+5 2 1 1 0 0 1 0 0 1
+2 2
+2 2
+2 2 0 0 1 0 0 1
+1 2 1 1
+3 4 2
+2 3 1 1
+1 2 0 0 1 0 0 1
+9 2 1
+6 2
+1 3 2 1
+3 3 2
fi=(4)
-88 4 2 0 1 0 0 1
fe=(2)
1714 2 1 1 1 0 0 1
cfi=(8)
cfn=(14)
calls=1 25 
* 27 8 6 0 1 0 0 1
+3 2 1
fi=(35) ./elf/./setup-vdso.h
24 2 1 0 1 0 0 1
fi=(38) ./elf/./dl-main.h
+85 2 2 0 1 0 0 1
fi=(37) ./elf/../sysdeps/unix/sysv/linux/dl-vdso-setup.h
-55 1 0 1
fi=(38)
+55 3 2 1
cfi=(31)
cfn=(110)
calls=1 680 
* 2207 465 343 69 5 13 69 5 13
fe=(2)
1742 3 1 1
cfi=(47)
cfn=(146) _dl_debug_initialize
calls=1 120 
* 21 5 4 3 1 0 3 1
+7 1 1 0 1 0 0 1
-5 1 0 1
-2 1
+7 1
+4 1 1
+1 1 1
+2 1 0 1
-3 3 0 1
+1 2 1 1
+3 1 0 1 1 0 0 1
1252 1 1 0 0 1 0 0 1
1755 1 0 1
1252 1
+1 2 1
+5 1 1
-3 2 1
+2 1 0 1 1 0 1 1 0 1
+11 1
-10 1 0 1
+3 1 0 1
+7 3
+4 1 1
-5 1
+5 3
-3 7
-1 14
+2 22 11 0 0 6 0 0 6
+2 4 4 0 1 2 0 1 2
+1 8 4
-1 8
+2 8
+5 4 4 0 0 1 0 0 1
-10 4
+10 8
-11 10
+18 1
+1 2 1
-1 2 0 0 1 0 0 1
223 1 1
fi=(4)
79 1 1
fe=(2)
224 1 1
-1 1 1
+1 1 0 0 1 0 0 1
fi=(4)
79 1 0 1
fe=(2)
224 3 1
1771 2 1 0 1 0 0 1
+4 1 0 1
1362 1 0 1
1776 2 1
+24 1 0 1
cfi=(48)
cfn=(148) _dl_count_modids
calls=1 228 
* 6 3 0 2 1 0 2 1
* 1 0 1 1 0 0 1
fi=(49) ./elf/../sysdeps/generic/dl-debug.h
29 4 2
+1 1 0 1
fe=(2)
1806 3 0 1
cfi=(47)
cfn=(152) _dl_debug_change_state
calls=1 104 
* 11 2 1 2 0 0 2
+1 1
+4 3 1 1
cfi=(51)
cfn=(156)
calls=1 29 
* 5 2 0 2 0 0 2
+5 3 2 0 1 0 0 1
+2 1
+2 2 1
+9 2 1
+16 3 0 1
cfi=(66)
cfn=(216)
calls=1 25 
* 9 1 1
* 2
+76 4 2 0 1 0 0 1
+16 3 1
84 1
1947 1
84 2
1947 1
84 1
1947 7 2 1 1 0 0 1
cfi=(67)
cfn=(218)
calls=1 143 
* 29534 5793 3137 168 188 209 168 185 209
91 1
1957 2 2
-4 1 1
+16 1 1
91 2
+9 2 0 1
1953 7 0 0 1 0 0 1
+1 1 1
-1 1
+1 1 0 1
-1 2
+1 6 6
-1 6
+1 6 0 6
-1 12
+4 1 0 1
+1 2
+1 1 0 1
+2 26 1 0 1 0 0 1
+1 18 6
+7 2 1
+1 1 1
-1 1 0 1 1 0 0 1
+1 2
+2 1
+2 2
+16 4 0 0 1 0 0 1
+1 2 1 1
+1 3 1
+10 1 0 1 0 0 1
+2 1 0 0 1 0 0 1
-1 3
+1 3
-1 1 0 1
+1 1 0 1
cfi=(53)
cfn=(252) _dl_receive_error
calls=1 190 
* 26557 7884 1579 55 133 79 55 131 78
+10 1 1
+1 2 1
+3 2 1 0 1 0 0 1
820 1 1
fi=(317) ./elf/../sysdeps/unix/sysv/linux/dl-osinfo.h
39 2 1 0 0 1
fe=(2)
822 1 0 1
fi=(317)
52 1 1
fe=(2)
831 1 0 1
+2 1 0 1
+5 1 0 1
2023 3 1 0 1 0 0 1
2222 2 1
+4 1 1
-4 1 0 1
+10 1 1
-6 1 0 1
+6 1 0 1
+3 2 1 0 1 0 0 1
+8 2 2
fi=(32)
36 2 2
+1 4 1
+16 11 3 0 1 0 0 1
-13 6 6
+9 12 6
-9 1 1
+9 28 7
+4 24 6
-16 14
+34 2 1 0 1 0 0 1
fe=(2)
2247 1
fi=(32)
71 1 0 1
cfi=(80)
cfn=(282)
calls=1 361 
* 45 6 7 4 2 0 4
fe=(2)
2247 2 1
+3 1 0 1 0 0 1
+5 2 1
84 1
2260 1 1
-1 2 2
84 3 0 0 1 0 0 1
2259 5 0 1
cfi=(81) ./elf/./elf/dl-reloc.c
cfn=(284) _dl_relocate_object
calls=1 343 
* 80299 20308 8909 193 558 230 193 539 229
91 3
+9 2 0 1 0 0 1
-16 2
2268 1 1 0 0 1
84 2
2268 1 1 0 1 0 0 1
+1 21 1 2
+2 14 14 0 1 4 0 1
+5 14 14 0 0 5
+2 14
+6 7 0 7
+2 56 14 7 1 6 0 1 1
cfi=(81)
cfn=(284)
calls=7 343 
* 1629981 430803 156640 119 10134 1808 111 6335 1085
+4 20 10 0 0 4
+1 6
-22 3
+22 3 0 3
cfi=(48)
cfn=(464) _dl_add_to_slotinfo
calls=3 1177 
* 81 24 12 4 3 2 4 0 1
-22 8 2 0 0 1
91 3 0 0 1 0 0 1
+1 2 0 1 0 0 1
2298 1 0 1
cfi=(48)
cfn=(588) _dl_tls_initial_modid_limit_setup
calls=1 1138 
* 43 10 1 1 1 1 1 1
+6 2 1
+4 4 1
+2 1 0 1 1 0 0 1
+7 4 1 1
cfi=(48)
cfn=(590) _dl_allocate_tls_init
calls=1 612 
* 322 79 52 15 9 4 11 0 4
+3 2 1 0 0 1
+4 3 2 0 1 0 0 1
+3 1 0 1
cfi=(181) ./elf/./elf/dl-find_object.c
cfn=(592) _dl_find_object_init
calls=1 578 
* 1549 302 119 16 89 6 16 0 4
+5 2 1
84 1
2336 4 3
84 3 0 0 1 0 0 1
2336 2 0 1
cfi=(81)
cfn=(286) _dl_relocate_object_no_relro
calls=1 207 
* 257 75 40 1 8 1 1
91 3
+9 2 0 1
2339 1 0 1
cfi=(183)
cfn=(602)
calls=1 30 
* 523 116 35 11 14 0 10 9
+1 2 0 1
cfi=(7)
cfn=(606) __rtld_malloc_init_real
calls=1 76 
* 2997 862 378 8 25 1 6 2
+3 2 0 1
cfi=(47)
cfn=(612) _dl_debug_post_relocate
calls=1 46 
* 718 220 88 3 11 0 3 2
+4 2 1 1 1 0 0 1
cfi=(81)
cfn=(614) _dl_protect_relro
calls=1 352 
* 35 8 3 3 0 0 3
+5 3 1 1
cfi=(186) ./elf/./elf/dl-call-libc-early-init.c
cfn=(616) _dl_call_libc_early_init
calls=1 27 
* 1514 174 201 26 49 37 26 27 36
+7 1 0 1
cfi=(9)
cfn=(638) _dl_sysdep_start_cleanup
calls=1 147 
* 2 1 0 1 0 0 1
+4 2 0 1
cfi=(47)
cfn=(212)
calls=1 94 
* 7 2 0 1 1
+1 2
-1 1
+1 1 0 1
cfi=(47)
cfn=(152)
calls=1 104 
* 11 2 1 2
+1 1
+3 3 0 1
cfi=(51)
cfn=(640)
calls=1 41 
* 10 3 0 2 0 0 1
+4 1 0 1
cfi=(70)
cfn=(642)
calls=1 508 
* 19 5 4 3 1 0 3
+5 8 7 0 1 2
225 2 0 0 1 0 0 1
-2 2 2
+2 2
2280 1 0 1 1 0 0 1
+1 1 1
-3 2
1762 1 1 0 1 1 0 1 1
1289 3 2 1 0 1 0 0 1
1762 1
fi=(3)
56 5 0 0 1 0 0 1
+3 4 0 0 1 0 0 1
fe=(2)
1976 1 1 0 1 1 0 1
-4 1 0 1
+4 2
+14 3 1 0 1
fi=(36) ./elf/../sysdeps/unix/sysv/linux/dl-vdso.h
40 2 1 0 1 0 0 1
+1 5 0 2 1 0 0 1
fi=(37)
-11 1 0 1
+3 1 0 1
+3 1 0 1
+3 1 0 1
+6 1 0 1
fi=(36)
+10 2 0 0 1 0 0 1
fe=(2)
1689 1 0 1 1 0 1 1 0 1
+1 1 0 1
+1 1 0 1
+2 2 1
+1 3 0 1
fi=(3)
72 3 2 0 1 0 0 1
+12 3 1
+1 5 2 1 1 0 0 1
+1 5 2 1
+1 5 2 1
+1 4 2 0 1 0 0 1
+1 5 2 1
+1 5 2 1
+1 5 2 1 1 0 0 1
+12 2 2
+7 1 1
-7 7 1 1 1 0 0 1
+7 2
fe=(2)
1752 4 2 1 2 0 0 2
2673 2 1 0 1 0 0 1
+2 1
+1 1 0 0 1 0 0 1
-1 1 0 1
+1 1 0 1
+1 1
2016 2 0 1 1 0 0 1
cfn=(262) init_tls
calls=1 734 
* 935 119 392 26 7 39 25 5 39
* 2 0 1 1 0 0 1
fi=(3)
62 4 0 0 1 0 0 1
+2 4 0 0 1 0 0 1
fe=(2)
2636 2 1 0 1 0 0 1
+2 2 0 1
+1 1
1925 10 0 0 1 0 0 1
84 1 0 0 1 0 0 1
1824 2 2 0 1 0 0 1
84 3
1824 2 0 1
cfn=(158) handle_preload_list
calls=1 852 
* 3127 729 371 122 40 46 122 40 46
* 1
91 3
+9 3 0 1
1925 6 0 1 2 0 0 2
+1 1
-1 1
+4 3 0 1
+1 1 1
+1 2
+1 2
-7 2

fn=(158)
852 11 0 7 1 0 1 1 0 1
+5 3 1
-58 2
+54 3 0 0 1 0 0 1
-54 4 0 2 0 0 1 0 0 1
-2 1
+2 3 0 2 0 0 1 0 0 1
+71 1
182 1 1
872 2 1
182 2
874 2 1
-14 3 0 1 2 0 0 2
cfi=(52)
cfn=(160)
calls=1 32 
* 252 119 20 6 2 4 6 2 4
* 1
+1 3
+2 4 0 1
cfi=(29)
cfn=(80)
calls=1 210 
* 19 5 4 1 0 1 1 0 1
+1 2 0 1
-71 1 1
+6 4 2 0 1 0 0 1
-2 1 1
+2 1
-10 1 0 1
+6 1 0 1
-2 1 0 1
+6 1 0 1
cfi=(53)
cfn=(162) _dl_catch_error
calls=1 258 
* 2779 587 329 109 38 38 109 38 38
+1 3 1 0 1 0 0 1
+8 3 1
+67 1
-18 2 1
+21 9 7

fn=(254) version_check_doit
674 2 0 1 1 0 0 1
+2 1
-2 4 0 1
+2 3 2 1
cfi=(75)
cfn=(256)
calls=1 399 
* 26521 7871 1568 51 133 79 51 131 78
* 2
+4 3 3 0 1 0 0 1

fn=(262)
734 1 0 1 1 0 0 1
+6 1 1
-6 3 0 2
+2 2 1 1
+4 1
fi=(28)
44 1
fe=(2)
751 1
fi=(28)
44 1
fe=(2)
746 1 0 0 1 0 0 1
+4 1
fi=(28)
44 1 1 1
cfi=(27)
cfn=(72)
calls=1 +36 
* 29 4 3
fe=(2)
759 1
-10 1 0 1
-3 1 0 1
+10 1 0 1
+3 1 0 1
cfi=(48)
cfn=(266) _dl_tls_static_surplus_init
calls=1 133 
* 73 15 10 4 4 0 3 3
+3 1 0 1
cfi=(48)
cfn=(268) _dl_determine_tlsoffset
calls=1 251 
* 234 41 16 9 3 0 9 2
+7 1 0 1
cfi=(48)
cfn=(272) _dl_allocate_tls_storage
calls=1 517 
* 462 34 324 4 0 38 4 0 38
* 1
+1 2
+6 1 1
fi=(78) ./elf/../sysdeps/generic/dl-call_tls_init_tp.h
31 2 0 0 1 0 0 1
fe=(2)
776 1 0 1
fi=(78)
31 6 0 2
+2 1 0 1
cfi=(24)
cfn=(278) __tls_init_tp
calls=1 +36 
* 96 17 23 6 0 1 6 0 1
fe=(2)
783 1
-3 1 0 1
+3 4 4

fl=(181)
fn=(598) _dlfo_sort_mappings
553 1 0 0 1 0 0 1
+1 2
-1 2 0 1
+4 2
-4 2 0 1
+4 1
-4 3 0 1
+8 1 0 0 1 0 0 1
+1 1
-1 1 1
+1 2
-1 4
+1 4
-1 4 4
+1 28
+1 10 5
+2 10
-3 20
+1 20 10
+2 20
-3 40
+8 15 5 0 1 0 0 1
+1 15 10
-1 10 10
+1 25 10 15
+1 15 0 15
-15 15
+17 4 4

fn=(596) _dlfo_process_initial
505 14 0 12
+3 2
-3 2
+1 2 2
+3 4 2 0 1 0 0 1
+5 10 2 2 0 1
+10 10
-9 6 2 0 1 0 0 1
+1 14 14 0 0 1
-1 28
+3 52 12
+3 48 12
-7 10 2 0 1 0 0 1
+34 2 2
-2 2 0 2
+2 16 14
-24 24 12 0 1 0 0 1
+5 36 12 0 1 1 0 1
+3 6
-1 18 0 6
cfi=(182) ./elf/./dl-find_object.h
cfn=(594) _dl_find_object_from_map
calls=6 105 
* 746 118 42 0 72 4 0 0 4
+2 24

fn=(592)
578 6 0 3 1 0 0 1
+3 1 1 0 0 1
+2 2 1 0 1 0 0 1
+13 1 0 1
cfn=(596)
calls=1 -91 
* 153 44 8 5 3 0 5
* 1
+1 3 1
fi=(28)
56 1 1 1
cfi=(27)
cfn=(76)
calls=1 -20 
* 18 3 3 0 1 1
fe=(181)
597 1 0 1
+2 2
+3 3 0 1 1 0 0 1
+5 1 0 1
+1 1 0 1
cfn=(596)
calls=1 505 
* 923 162 56 0 72 4 0 0 4
+3 4 2
+10 5 4
-37 2 0 1 1 0 0 1
cfi=(182)
cfn=(594)
calls=1 105 
* 135 21 7 3 12 1 3
* 1
+29 1 0 1
cfn=(598)
calls=1 -60 
* 277 59 33 3 0 0 3
+3 6 3 1 1 0 0 1
+2 1

fl=(72)
fn=(242)
25 4
+1 8
+1 2 2

fl=(24)
fn=(84)
43 178
+2 356 178

fn=(278)
69 2 0 1 1 0 0 1
fi=(318) ./elf/../include/list.h
-25 1
fe=(24)
+25 2
fi=(318)
-26 1 1
fe=(24)
+27 1 1
+3 1
fi=(318)
-30 1 0 1
fe=(24)
+33 1
fi=(318)
-32 1 0 1
+1 1 0 1 1 0 0 1
+2 1 0 1
fe=(24)
+29 3 0 1
+13 1
+6 1
-18 2 0 1
+12 1
-11 1 0 1 1 0 0 1
+11 1
-10 1 0 1
+5 2 1 1
+11 1
-3 1 0 1
-3 1 0 1
+6 1
+16 4 0 1 1 0 0 1
cfi=(11)
cfn=(28)
calls=1 435 
* 18 4 1
fi=(79) ./elf/../sysdeps/unix/sysv/linux/rseq-internal.h
-11 1 1
-7 1 1
+7 2
+24 1 0 1
fe=(24)
-11 1 0 1
+6 2 1 1
+1 2 2
fi=(79)
-12 2 1 0 1 0 0 1
-15 2 0 1
+15 2
+4 1
-19 1 1
+19 3 0 2
cfi=(45)
cfn=(132)
calls=1 +25 
* 13 1 2 0 0 1 0 0 1
+4 1 1
+2 2
-6 1
+6 1
-2 1 0 1 1 0 0 1
+2 2 1
+1 2
fe=(24)

fn=(66)
54 4 0 0 2 0 0 2
+3 9 0 3 0 0 1 0 0 1
+5 2 0 1
+1 1 0 1
+2 1 1

fl=(46)
fn=(140)
40 36 0 18 1 0 0 1
+1 6 0 6
cfi=(22)
cfn=(60)
calls=6 +16 
* 192 27 0 1 0 0 1
* 6
fi=(319) ./string/../include/rtld-malloc.h
+15 12 6 6
cfi=(27)
cfn=(76)
calls=6 -20 
* 108 18 18
fe=(46)
-12 12
+3 12
+1 6 6
-1 6
+1 12 12
-1 6
cfi=(29)
cfn=(80)
calls=6 210 
* 106 28 22 0 0 5 0 0 5

fl=(54) ./setjmp/../sysdeps/x86_64/setjmp.S
fn=(166) __sigsetjmp
31 13 0 0 1 0 0 1
+2 13 0 13 0 0 1 0 0 1
+9 13
+1 26 13
+1 13 0 13
+4 13 0 13
+1 13 0 13
+1 13 0 13
+1 13 0 13
+1 13
+2 26 13 0 1 0 0 1
+2 13 0 13
+1 13 13
+1 13
+2 26 13
+2 13 0 13
+8 13
+3 13
+1 13 0 13 0 0 1 0 0 1
+7 13
+1 13 13

fl=(291)
fn=(1928)
26 6 0 4 1 0 0 1
+17 1
-17 4 0 3
+20 8 1 0 0 1
+3 2 1 1 1 1 0 1
cob=(2)
cfi=(292)
cfn=(1930)
calls=1 +22 
* 38 9 5 5 0 0 5
+2 1 1 0 0 1
+3 2
+2 5 2 0 0 1
-10 4 0 0 1 0 0 1
+95 2 1
+13 8 7
-13 2 1 1
+2 1
-2 2 0 0 1 0 0 1
+6 2 1
-84 3 0 1 1 0 0 1
-2 1 0 1
+2 1 0 1
cfi=(51)
cfn=(640)
calls=1 -22 
* 10 3 0 2 1
+5 16 1 1 1 0 0 1
+6 1 1
-6 1
+4 1
+2 3
+2 14 7 0 1 7 0 1
+2 14
+2 14 0 7
+1 7 0 7 0 0 7 0 0 1
+1 7
+4 7 0 7 0 0 6
-12 21 7 0 0 3
+19 6 0 0 1 0 0 1
+1 4
+6 6 0 3
cfi=(13)
cfn=(248)
calls=1 298 
* 511 140 70 16 11
+9 2 1 1 1 0 0 1
cob=(2)
cfi=(293)
cfn=(1932)
calls=1 357 
* 28 7 5 3 0 0 3
+5 6 2
+2 1 1
+2 2 1
-2 6 6
+2 12 6
+13 2
+4 3 0 1
cfi=(51)
cfn=(640)
calls=1 -94 
* 10 3
* 2 1
-15 28 0 21 1 0 0 1
cfi=(294) ./elf/./elf/dl-call_fini.c
cfn=(1934) _dl_call_fini
calls=7 -96 
* 7950 2714 1335 132 194 8 53 12 1
+3 14 0 7
cfi=(51)
cfn=(1960)
calls=7 -26 
* 35 14 0 1 0 0 1
-9 14 14
+14 7 0 7 1
-14 22

fl=(40)
fn=(114)
29 1 0 0 1 0 0 1
fi=(18)
+2 1 1
fe=(40)
+7 1
fi=(18)
-7 3
fe=(40)
+21 2 1
fi=(18)
-20 3 1 0 1 0 0 1
+7 1 1
fe=(40)
-1 1
fi=(18)
+1 4
+1 4 1
+8 1
fe=(40)
-5 1
fi=(18)
+5 2
+3 4 1 0 1 0 0 1
+3 2
fe=(40)
-3 5

fl=(55)
fn=(174)
68 812 0 348 1 0 0 1
+1 232 116 116 0 0 1 0 0 1
cfi=(34)
cfn=(98)
calls=116 +29 
* 3813 765 0 17 0 0 17
* 116
+1 116
-1 116
+3 116 116
+2 232
+4 113 113
-4 226
+1 399 133 133 1 0 0 1
cfi=(34)
cfn=(98)
calls=133 +23 
* 5028 922 0 8 1 0 8 1
* 266
-5 20
+11 176 176
-1 96
+1 288 288

fn=(584)
85 2 0 0 1
+38 2
-1 2
+3 2 0 0 1 0 0 1
+2 80
+1 30 10 0 0 4 0 0 2
+3 7
-6 24 0 0 1 0 0 1
+18 2 2
+1 2 2
-15 6

fn=(232)
36 2 0 1 1 0 0 1
+3 1
-3 5 0 2
+3 1
-3 1
+3 1 0 1
cfi=(56)
cfn=(182)
calls=1 -11 
* 21 2 2
+1 3
+2 4 0 2 1 0 0 1
cfi=(58)
cfn=(188)
calls=1 -12 
* 6 1
* 3 1
+2 2 1 1
+3 2
+13 3 0 2
cfi=(65)
cfn=(206)
calls=1 -35 
* 6 1
* 1 1
+3 6 4
-14 6 0 2 1 0 0 1
cfi=(60)
cfn=(192)
calls=1 -2 
* 26 4 3
* 3 1

fl=(81)
fn=(284)
343 8 0 0 1 0 0 1
+1 18 10
-1 30 0 12
+3 6 0 6 1 0 0 1
cfn=(286)
calls=6 207 
* 1710050 451053 165525 308 10687 2038 300 6874 1314
+7 18 6 0 0 5
+3 30 18
+3 6
-3 6
+3 6
+4 12
-15 18 18
+16 24 0 6 1 0 0 1
cfi=(144)
cfn=(462)
calls=6 117 
* 36 6 0 1 0 0 1
* 12

fn=(286)
207 56 0 35 1 0 0 1
+13 7
-13 28 0 14 1 0 0 1
+16 7
-16 7 0 7
+16 7
+3 21 7 0 0 1
+20 21 7 0 1 0 0 1
+1 14 7 0 1 6 0 1
-30 8 4
+33 8
+7 16 4 4 0 2
fi=(6)
78 12 4
+6 8 6 0 0 2
+4 6 2 0 0 2 0 0 2
+6 2 0 2
+9 4
+23 4 2 2 0 1
fi=(4)
-47 2 2
fe=(81)
296 4 2
fi=(4)
79 4
fe=(81)
296 4
fi=(4)
79 5 5 0 1 0 0 1
fe=(81)
296 10 5 0 0 1
fi=(4)
79 10
fe=(81)
296 11187 50 1099 3 13 203 3 7 201
fi=(4)
79 2 2
fe=(81)
296 2 2
fi=(4)
79 4
fe=(81)
296 282 66 48 3 21 0 3
190 16 0 10
296 2 2
fi=(5)
53 2
fe=(81)
296 2 2
fi=(5)
49 2 2
+31 2 2
-32 2
+1 2
+1 2
-1 2
+4 2 2
-3 4
+3 2 2
-3 4 0 2
+3 4
+27 4
fe=(81)
296 5 0 0 1 0 0 1
190 40 0 25
296 5 5
fi=(5)
53 5
fe=(81)
296 5 5
fi=(5)
49 5 5
+31 5 5 0 1 0 0 1
-32 5
+1 5
+1 5
-1 5
+4 5 5
-3 10
+3 5 5
-3 10 0 5
+3 10
+27 10 0 0 1 0 0 1
fe=(81)
296 7 7
fi=(5)
53 7
fe=(81)
296 7 7 0 0 2
fi=(5)
49 7 7
+31 7 7
-32 7
+1 7
+1 7
-1 7
+4 7 7
-3 14
+3 7 7
-3 14 0 7
+3 14
+27 14
+3 4
-11 14 2 0 0 1
fi=(6)
509 2254 1127
+4 2254
+3 3381 1127
+1 1127 0 1127 0 0 141 0 0 141
fi=(5)
83 3381
+2 4508 1127 0 1 422 0 1 422
-2 4 0 0 1 0 0 1
+13 4
fe=(81)
296 56 14 14 1 0 0 1
fi=(6)
725 42 21 0 1 0 0 1
+4 8 4
fe=(81)
298 28
+23 7 0 7
+3 14 7
+14 56 49 0 1 2 0 1
fi=(5)
105 36 0 0 1 0 0 1
+9 28
fi=(6)
493 5832 1944 0 0 489 0 0 486
+5 3888
+1 3888 3888 0 0 243 0 0 243
fi=(5)
114 1944
fi=(6)
499 3888 0 1944 0 0 523 0 0 517
fi=(5)
114 3888
+3 48 12 12 1 6 1 1
+3 40 20 10 0 3
+2 20 10 0 1 1 0 1
-49 18 6 6 0 0 1
fe=(81)
190 42 0 24 1 0 0 1
fi=(5)
-66 12 12 0 0 4 0 0 2
+1 6 6
-1 6
+5 6
-5 12 6 0 0 6 0 0 3
+1 18 0 6
+4 12 0 0 1 0 0 1
-5 7094 7094 0 0 979 0 0 978
+1 3547 3547
-1 3547
+5 3547
-5 7094 3547 0 0 955 0 0 242
+1 10641 0 3547
+4 7094
-2 3471
-1 10413 6942 3471
+1 6942 3471 0 0 1
-1 3471 0 3471
+1 3471
fi=(6)
262 6942
+7 6942 0 0 1 0 0 1
+4 6942
fe=(81)
170 13884 3471 0 0 1698 0 0 1347
fi=(4)
-18 10365 3455
fe=(81)
+19 6910
+3 6910 3455 0 0 5
+8 3664 0 0 1 0 0 1
-8 16446
+12 3644 3644 0 0 1
-3 1822 0 1822
+1 1822 0 1822 1 0 0 1
+2 7308 3664 0 0 1
-3 10 0 10
+1 10 0 10
+2 1872 20
+1 1832
-1 1832
+2 3664
-1 7328 1832 1832 0 53
+3 10992 3664 5496 1 0 1 1
cfi=(82)
cfn=(294)
calls=1832 767 
* 1317504 348037 130081 74 5324 20 69 2766 7
+4 1832 1832
-4 1832
+3 1832 1832
+1 10992 3664 1832
fi=(6)
+88 34475 13784 0 1 5 0 1
+4 6924
+26 20826 3471 0 0 5 0 0 2
418 8361 5574 2787 1 349 854 1 349 358
fi=(5)
141 8361 2787
fi=(6)
418 1312 656 656 0 0 270 0 0 68
fi=(5)
141 2030 662
-19 10677 3571 0 1 0 0 1
+33 12
+1 72 6 3 1 0 0 1
+1 291 97
+3 164 82 0 1 0 0 1
+2 82 82
+2 82 82
-4 82 82
+2 82
+1 82 82
-1 164 0 82
fe=(81)
+8 328 82 0 0 1
fi=(6)
286 164 0 0 1 0 0 1
471 164 164
+2 82 0 82
cfi=(15) ./elf/../sysdeps/x86/dl-get-cpu-features.c
cfn=(600) __x86_cpu_features
calls=1 76 
* 6 2 0 1 0 0 1
cob=(3)
cfi=(179)
cfn=(580)
calls=1 33 
* 7 3 0 2 0 0 2
cob=(3)
cfi=(178)
cfn=(576)
calls=1 29 
* 8 4 0 1 0 0 1
cob=(3)
cfi=(177)
cfn=(574)
calls=1 44 
* 6 3 0 2 0 0 2
cob=(3)
cfi=(150)
cfn=(570)
calls=1 29 
* 9 4 0 1 0 0 1
cob=(3)
cfi=(176)
cfn=(566)
calls=1 28 
* 9 4 0 2 0 0 2
cob=(3)
cfi=(175)
cfn=(564)
calls=1 32 
* 7 3 0 2 0 0 2
cob=(3)
cfi=(174)
cfn=(560)
calls=1 28 
* 10 4 0 2 0 0 2
cob=(3)
cfi=(173)
cfn=(556)
calls=1 28 
* 10 4 0 2 0 0 2
cob=(3)
cfi=(172)
cfn=(554)
calls=1 33 
* 7 3 0 1 0 0 1
cob=(3)
cfi=(171)
cfn=(550)
calls=1 29 
* 10 4 0 1 0 0 1
cob=(3)
cfi=(170)
cfn=(546)
calls=1 28 
* 10 4 0 2 0 0 2
cob=(3)
cfi=(164)
cfn=(542)
calls=1 29 
* 8 4 0 1 0 0 1
cob=(3)
cfi=(169)
cfn=(540)
calls=1 32 
* 7 3 0 1 0 0 1
cob=(3)
cfi=(168)
cfn=(538)
calls=1 33 
* 7 3 0 1 0 0 1
cob=(3)
cfi=(167)
cfn=(536)
calls=1 33 
* 7 3 0 2 0 0 2
cob=(3)
cfi=(166)
cfn=(534)
calls=1 49 
* 6 3 0 1 0 0 1
cob=(3)
cfi=(165)
cfn=(530)
calls=1 28 
* 10 4 0 1 0 0 1
cob=(3)
cfi=(164)
cfn=(526)
calls=1 37 
* 8 4 0 2 0 0 2
cob=(3)
cfi=(163)
cfn=(522)
calls=1 28 
* 9 4 0 2 0 0 2
cob=(3)
cfi=(162)
cfn=(518)
calls=1 29 
* 9 4 0 2 0 0 2
cob=(3)
cfi=(161)
cfn=(514)
calls=1 28 
* 10 4 0 2 0 0 2
cob=(3)
cfi=(160)
cfn=(510)
calls=1 29 
* 10 4 0 1 0 0 1
cob=(3)
cfi=(158)
cfn=(506)
calls=1 29 
* 8 4 0 2 0 0 2
cob=(3)
cfi=(157)
cfn=(504)
calls=1 33 
* 7 3 0 2 0 0 2
cob=(3)
cfi=(156)
cfn=(502)
calls=1 33 
* 7 3 0 1 0 0 1
cob=(3)
cfi=(155)
cfn=(498)
calls=1 32 
* 10 4 0 2 0 0 2
cob=(3)
cfi=(154)
cfn=(494)
calls=1 28 
* 10 4 0 2 0 0 2
cob=(3)
cfi=(153)
cfn=(490)
calls=1 29 
* 10 4 0 2 0 0 2
cob=(3)
cfi=(152)
cfn=(486)
calls=1 28 
* 9 4 0 2 0 0 2
cob=(3)
cfi=(151)
cfn=(482)
calls=1 29 
* 10 4 0 2 0 0 2
cob=(3)
cfi=(150)
cfn=(478)
calls=1 36 
* 9 4 0 2 0 0 2
cob=(3)
cfi=(148)
cfn=(474)
calls=1 29 
* 9 4 0 2 0 0 2
cob=(3)
cfi=(147)
cfn=(470)
calls=1 28 
* 10 4 0 2 0 0 2
cob=(3)
cfi=(145)
cfn=(466)
calls=2 29 
* 20 8 0 2 0 0 2
cob=(2)
cfi=(143)
cfn=(458)
calls=1 31 
* 22 6 0 2 0 0 2
cob=(2)
cfi=(142)
cfn=(454)
calls=1 33 
* 22 4 0 4 0 0 4
cob=(2)
cfi=(141)
cfn=(450)
calls=1 31 
* 18 4 0 3 0 0 3
cob=(2)
cfi=(140)
cfn=(448)
calls=1 29 
* 7 3 0 2 0 0 2
cob=(2)
cfi=(138)
cfn=(444)
calls=1 29 
* 21 4 0 2 0 0 2
cob=(2)
cfi=(137)
cfn=(440)
calls=1 29 
* 22 4 0 4 0 0 4
cob=(2)
cfi=(136)
cfn=(436)
calls=1 33 
* 19 4 0 2 0 0 2
cob=(2)
cfi=(135)
cfn=(432)
calls=1 29 
* 22 4 0 4 0 0 4
cob=(2)
cfi=(133)
cfn=(428)
calls=1 29 
* 25 5 0 2 0 0 2
cob=(2)
cfi=(132)
cfn=(424)
calls=1 29 
* 21 4 0 2 0 0 2
cob=(2)
cfi=(131)
cfn=(420)
calls=1 29 
* 25 5 0 2 0 0 2
cob=(2)
cfi=(130)
cfn=(416)
calls=1 31 
* 18 4 0 2 0 0 2
cob=(2)
cfi=(129)
cfn=(412)
calls=1 31 
* 22 6 0 3 0 0 3
cob=(2)
cfi=(128)
cfn=(408)
calls=1 29 
* 19 4 0 2 0 0 2
cob=(2)
cfi=(126)
cfn=(404)
calls=2 31 
* 38 8 0 2 0 0 2
cob=(2)
cfi=(124)
cfn=(400)
calls=1 29 
* 25 5 0 2 0 0 2
cob=(2)
cfi=(123)
cfn=(396)
calls=1 31 
* 25 5 0 2 0 0 2
cob=(2)
cfi=(122)
cfn=(392)
calls=1 31 
* 22 6 0 3 0 0 3
cob=(2)
cfi=(120)
cfn=(388)
calls=1 29 
* 19 4 0 2 0 0 2
cob=(2)
cfi=(119)
cfn=(386)
calls=1 60 
* 17 4 0 2 0 0 2
cob=(2)
cfi=(118)
cfn=(384)
calls=1 29 
* 7 3 0 2 0 0 2
cob=(2)
cfi=(111)
cfn=(378)
calls=1 31 
* 22 6 0 2 0 0 2
cob=(2)
cfi=(115)
cfn=(376)
calls=1 67 
* 22 6 0 3 0 0 3
cob=(2)
cfi=(113)
cfn=(372)
calls=2 31 
* 42 8 0 2 0 0 2
cob=(2)
cfi=(111)
cfn=(368)
calls=1 31 
* 21 4 0 2 0 0 2
cob=(2)
cfi=(110)
cfn=(364)
calls=1 30 
* 25 5 0 3 0 0 3
cob=(2)
cfi=(109)
cfn=(360)
calls=1 28 
* 25 5 0 2 0 0 2
cob=(2)
cfi=(107)
cfn=(356)
calls=1 29 
* 23 4 0 4 0 0 4
cob=(2)
cfi=(106)
cfn=(354)
calls=1 65 
* 21 4 0 2 0 0 2
cob=(2)
cfi=(104)
cfn=(350)
calls=2 31 
* 50 10 0 2 0 0 2
cob=(2)
cfi=(102)
cfn=(346)
calls=1 29 
* 22 4 0 4 0 0 4
cob=(2)
cfi=(100)
cfn=(342)
calls=1 31 
* 18 4 0 1 0 0 1
cob=(2)
cfi=(99)
cfn=(338)
calls=1 29 
* 25 5 0 2 0 0 2
cob=(2)
cfi=(98)
cfn=(334)
calls=1 29 
* 22 4 0 4 0 0 4
cob=(2)
cfi=(96)
cfn=(330)
calls=1 29 
* 22 4 0 4 0 0 4
cob=(2)
cfi=(95)
cfn=(326)
calls=1 29 
* 20 6 0 3 0 0 3
cob=(2)
cfi=(93)
cfn=(322)
calls=1 29 
* 23 4 0 5 0 0 5
cob=(2)
cfi=(91)
cfn=(318)
calls=1 30 
* 20 6 0 3 0 0 3
cob=(2)
cfi=(90)
cfn=(316)
calls=1 79 
* 20 6 0 3 0 0 3
cob=(2)
cfi=(89)
cfn=(314)
calls=1 29 
* 7 3 0 1 0 0 1
cob=(2)
cfi=(87)
cfn=(310)
calls=2 31 
* 50 10 0 2 1 0 2
cob=(2)
cfi=(85)
cfn=(306)
calls=1 86 
* 30 10 9 3 2 3 3 0 3
fi=(5)
156 82
fi=(6)
474 82 0 82 0 0 2 0 0 1
fi=(5)
156 170 0 0 1 0 0 1
-14 195 65 0 1 1 0 1
fi=(6)
395 48 16 0 1 0 0 1
+2 64 16
+4 16 16
+9 16 16
-9 32 16 0 1 2 0 1 2
+9 16 0 16 0 0 5 0 0 5
fi=(5)
141 32 16
fi=(6)
315 65 0 65
+3 65
+29 6 2
+11 2 2
-9 4 4
+9 2 0 2
fi=(5)
141 4 2
fi=(6)
341 8 0 0 1 0 0 1
+1 12 8 4 0 2 3 0 0 1
fi=(5)
141 8 4
fi=(6)
455 18 6 0 1 0 0 1
+5 12 12 0 0 5 0 0 2
-1 18 6 6
+1 12 0 0 1 0 0 1
-1 6 0 6
cfi=(29)
cfn=(80)
calls=6 210 
* 174 51 45 4 15 10 3 5 10
+2 30 18
+1 12
fi=(5)
132 82 82
+1 82 0 82
-1 246 0 82
+2 82
fi=(6)
282 80 32 0 2 1 0 2 1
+3 8 0 8
+24 4 0 4
cob=(2)
cfi=(180)
cfn=(586)
calls=1 37 
* 7 3 0 1 1 0 1
cob=(2)
cfi=(102)
cfn=(346)
calls=1 29 
* 22 4
cob=(2)
cfi=(93)
cfn=(322)
calls=2 29 
* 46 8 0 0 3
* 16 8 0 1 0 0 1
fi=(5)
51 7 7 0 1 0 0 1
fi=(4)
+28 14 7
fe=(81)
296 79 0 3 2 0 0 2
fi=(6)
-14 410 164
fe=(81)
175 14605 1623 0 2 0 0 1
+3 1623 1623 0 2 0 0 1
-1 1623 0 1623
+19 1623 1623
-18 3246 0 1623
fi=(6)
290 8 0 0 1 0 0 1
+1 12 4
fi=(5)
171 4 2 0 1 0 0 1
-98 3 1 1 1 0 0 1
fe=(81)
190 5 0 3
fi=(5)
-17 3 2
+3 1
-3 4 0 1 1 0 0 1
+3 2
-3 15 10 0 0 2 0 0 2
+3 5
-3 20 0 5
+3 10
-2 12 12
+10 6 0 6
fi=(6)
+78 12
+7 12
+4 12
fe=(81)
170 24 6 0 1 3 0 1 3
fi=(4)
-18 18 6
fe=(81)
+19 12
+3 12 6 0 0 1
+8 12
-8 54 0 0 1 0 0 1
+12 12 12
-3 6 0 6
+1 6 0 6
+2 36 12 6 1 0 0 1
+4 24 6 6
-4 6
+4 18 6 12
cfi=(82)
cfn=(294)
calls=6 767 
* 3705 1099 424 0 49 0 0 9
+4 6 6
-4 6
+3 6 6
+1 36 12 6 1 0 0 1
fi=(6)
+88 39 12 0 0 1
+4 6
+26 36 6 0 1 1 0 1 1
418 6 0 6 0 0 2 0 0 2
fi=(5)
187 18 6
-16 18 6 0 1 0 0 1
+31 5 3
fe=(81)
+48 6 0 0 1 0 0 1
+7 12 3 3
-9 6 0 0 1 0 0 1
fi=(6)
+54 1621 0 0 1 0 0 1
fe=(81)
175 4863

fn=(614)
352 1 0 0 1 0 0 1
+1 3 1
+3 5 3 0 1 0 0 1
+3 1
-3 1
+3 1
+4 2
-11 1 0 1
+12 3
-12 3 0 1 1 0 0 1
+12 1
-12 1
+12 1 0 1
cfi=(144)
cfn=(462)
calls=1 117 
* 6 1
* 2
+6 3 3

fl=(43)
fn=(122)
32 28 0 0 1 0 0 1
+1 28
+1 28
+1 28
+1 28 0 0 1 0 0 1
+1 28
+1 28
+1 28
+1 28
+1 28 28 0 0 3 0 0 3
+1 28
+1 28
+1 28
+1 28
+1 28
+1 28
+1 28
+1 28
+1 23
+4 23
+1 23 0 0 1 0 0 1
+1 23 23
+1 23
+2 23 23
+4 5 5
+1 5
+1 5
+1 5
+1 5
+1 5
+1 5 5 0 0 1 0 0 1
+1 5
+1 5
+1 5
+1 5
+1 5 0 0 1 0 0 1
+1 5
+1 5 5 0 0 1 0 0 1
+1 5
+1 5
+1 5
+1 5
+1 5
+1 5
+1 5
+1 5
+1 5
+1 5
+52 5 0 0 1 0 0 1
+4 5
+1 5
+1 5 5
+1 5
+2 5 5

fl=(61)
fn=(194) __set_vma_name
60 3 0 0 1 0 0 1
-26 9 3
+26 6 0 1 1 0 0 1
-26 2
+36 1 0 1 0 0 1 0 0 1
-33 6 0 3 1 0 0 1
cfi=(11)
cfn=(28)
calls=1 435 
* 18 4 1 0 1 0 0 1
* 6 4
+5 1 0 1
+28 4 4

fn=(238)
33 2 0 0 1 0 0 1
+1 6 2
+9 4 2

fl=(294)
fn=(1934)
24 56 0 28 2 0 0 1
+4 14 7
+6 7 7 0 0 7
-2 7 0 7
+3 14
+4 10 10 0 0 6
+3 10
-4 25 10 0 1 1 0 1
+5 5 5 5 0 5
cob=(3)
cfi=(204)
cfn=(2080)
calls=1 -43 
* 115 29 16 4 2 0 1
cob=(6)
cfi=(205)
cfn=(2050)
calls=1 -43 
* 42 14 12 3 1 0 2
cob=(7)
cfi=(206)
cfn=(1980) 0x00000000000bff20
calls=1 -43 
* 7188 2492 1218 94 154 7 31 11
cob=(5) /usr/libexec/valgrind/vgpreload_core-amd64-linux.so
cfi=(198) ???
cfn=(1962) 0x00000000000010d0
calls=1 -43 
* 115 29 16 5 2 0 1
cob=(8)
cfi=(229)
cfn=(1936)
calls=1 -43 
* 115 29 16 12 6 1 8 1 1
* 1 1 1
cob=(6)
cfi=(205)
cfn=(2062)
calls=1 -43 
* 115 29 16 5 2 0 2
-1 18
+5 7 7 0 0 5
+1 14
+1 10 10 0 0 3
+1 25 20
-1 5
cob=(4)
cfi=(192)
cfn=(2096) 0x0000000004df6384
calls=1 -49 
* 4 1 0 1 0 0 1
cob=(4)
cfi=(192)
cfn=(2078) 0x0000000004b1d438
calls=1 -49 
* 4 1 0 2 0 0 2
cob=(4)
cfi=(192)
cfn=(2048) 0x0000000004a53364
calls=1 -49 
* 4 1 0 1 0 0 1
cob=(4)
cfi=(192)
cfn=(1978) 0x000000000484a294
calls=1 -49 
* 4 1 0 1 0 0 1
cob=(4)
cfi=(192)
cfn=(1958) 0x000000000400461c
calls=1 -49 
* 4 1
+1 12 10 0 1 0 0 1

fl=(47)
fn=(152)
104 2 0 0 2 0 0 1
+3 2
-2 2 0 2
+2 4
+4 2
cfi=(50)
cfn=(154)
calls=2 -83 
* 4 2 0 2 0 0 1
-4 6 2

fn=(212)
94 6 0 0 2 0 0 1
-17 6
-1 12
+20 12 6 0 0 1
+4 6 6

fn=(612)
46 2 0 1 1 0 0 1
+6 3
-6 2 0 0 1 0 0 1
+6 5 1 2
-1 1 0 1
+1 1 0 1
cfi=(82)
cfn=(294)
calls=1 767 
* 686 210 83 0 11 0 0 2
+2 2 2
-2 1
+2 3 2
+2 7 3 0 1 0 0 1
+1 3
+13 2 2

fn=(146)
120 1 0 0 1 0 0 1
-44 2
+46 2 1 0 0 1 0 0 1
+5 3 0 1
+1 1
+26 1 0 1
-26 1 0 1 1 0 0 1
+29 2 1
-37 1
+49 2 1
-9 2 1 1 1 0 0 1
+2 3 1

fl=(34)
fn=(260)
98 1 0 0 1 0 0 1
+27 1
+1 1
+1 1
+1 1
+1 1
+2 1
+1 1
+2 1
+1 1
+21 1
+1 1
+44 1 0 0 1 0 0 1
+1 1
+1 1
+1 1
+1 1
+1 1
+1 1
+1 1
+1 1
+1 1
+1 1
+1 1
+2 1
+1 1
+1 1
+1 1 1 0 0 1 0 0 1
+1 1
+1 1
1613 1 0 0 1 0 0 1
+1 1 1 0 0 1 0 0 1
+1 1 1
+1 1
+1 1
+2 1
+1 1
+1 1
+1 1
+1 1
+1 1
+1 1
2095 1 0 0 1 0 0 1
+1 1
+1 1
+1 1
+1 2
+5 1
+3 1
+1 1
+2 1 1
+1 1 1 0 1 0 0 1
+8 1
+1 1 1

fn=(98)
98 2383 0 0 2 0 0 1
+33 2383
+1 2383
+2 2383
+1 2383
+21 2383
+1 2383
+1 1639
+1 1639
+1 1534 1534 0 0 106 0 0 46
+1 1534 1534 0 2 14 0 1 9
+1 1534 1534
+1 1534 1534
+17 1534
+1 1534
+1 1534
+1 1534
+1 1534
+1 1534
+1 1534
+5 44
+1 132
+9 44
+1 44
+1 44
+1 44
+1 44
+1 44
+1 44
+1 44
-7 849 0 0 1 0 0 1
+1 849
+1 849
+1 849
+1 849
+1 849
+1 849
+1 849
+1 333
+1 176
+1 176
+1 176
+2 176
+1 176
+1 176
+1 176 176 0 0 2
+1 176
+1 176
-5 157
+1 157
+1 157
+1 157 157 0 0 5 0 0 1
+1 157
+1 157
+10 560 560 0 2 7 0 1
+1 560
+1 560
+2 560 560 0 0 5 0 0 3
+6 560
+1 560
+1 560
+1 560
+1 560
+5 560
+2 555
+1 555
+1 1110
+8 555 555 0 2 8 0 1
+1 555 555 0 0 4 0 0 4
+3 555
+1 555
+1 555
+1 555
+1 555
+1 555
-9 3 3
+1 3 3
+3 3
+1 3
+1 3
+1 3
+1 3
+1 3
+6 4
+1 4 4
+1 4 4
+3 4
+1 4
+1 4
+1 4 0 0 1 0 0 1
+1 4
+1 4
+5 3
+1 3
424 1 0 0 1 0 0 1
+1 1 1
+1 1 1
+1 1
+1 1
+2 1
+1 1
+1 1 0 0 1 0 0 1
+1 1
+1 1
+1 1
+1 1
+1 1 1
+3 1
+1 1
+1 1
+6 1
+1 1
+1 2
+4 1 0 0 1 0 0 1
+1 1
+3 1 1
+1 1 1
+1 1
+2 1
+1 1
+1 1
+4 1
+1 1
+1 1
+1 1
+1 1
+1 1 0 0 1 0 0 1
+69 2 0 0 1 0 0 1
+1 2 2
+1 2 2
+1 2
+1 2
+2 2
+1 2
+1 2 0 0 1 0 0 1
+1 2
+1 2
+1 2
+1 2
+1 2 2
+4 2
+1 2
+1 2
+6 2
+1 2
+1 4
+4 2 0 0 1 0 0 1
+1 2
+3 2 2
+1 2 2 0 0 1 0 0 1
+1 2
+2 2
+1 2
+1 2
+4 2
+1 2
+1 2
+1 2
+1 2
+1 2 0 0 1 0 0 1
+69 3 0 0 1 0 0 1
+1 3 3 0 0 1
+1 3 3
+1 3
+1 3
+2 3
+1 3
+1 3 0 0 1 0 0 1
+1 3
+1 3
+1 3
+1 3
+1 3 3
+4 3
+1 3
+1 3
+6 3
+1 3
+1 6
+4 3 0 0 2 0 0 1
+1 3
+3 3 3
+1 3 3 0 0 2 0 0 2
+1 3
+2 3
+1 3
+1 3
+4 3
+1 3
+1 3
+1 3
+1 3
+1 3 0 0 2 0 0 1
+69 9 0 0 2 0 0 1
+1 9 9 0 0 2 0 0 1
+1 9 9 0 0 1 0 0 1
+1 9
+1 9
+2 9
+1 9
+1 9 0 0 2 0 0 1
+1 9
+1 9
+1 9
+1 9
+1 5 5
+4 5
+1 5
+1 5
+6 5
+1 5
+1 10
+4 5 0 0 2 0 0 1
+1 5
+3 5 5 0 0 1 0 0 1
+1 5 5 0 0 3 0 0 2
+1 5
+2 5
+1 5
+1 5
+4 5
+1 5
+1 5
+1 5
+1 5
+1 5 0 0 2 0 0 1
+7 2
+1 2
+2 2
+1 2
+2 2 2
+1 2 2 0 0 1
+1 2
+2 2
+1 2
+1 2
+4 2
+1 2
+1 2
+1 2
+1 2 0 0 1 0 0 1
+1 2
+41 4 0 0 1 0 0 1
+1 4 4 0 0 2 0 0 1
+1 4 4 0 0 2
+1 4
+1 4
+2 4
+1 4
+1 4 0 0 1 0 0 1
+1 4
+1 4
+1 4
+1 4
+1 4 4
+4 4
+1 4
+1 4
+6 4
+1 4
+1 8
+4 4 0 0 1 0 0 1
+1 4
+3 4 4
+1 4 4 0 0 1 0 0 1
+1 4
+2 4
+1 4
+1 4
+4 4
+1 4
+1 4
+1 4
+1 4
+1 4 0 0 1 0 0 1
+69 13 0 0 1 0 0 1
+1 13 13 0 0 2 0 0 1
+1 13 13 0 0 1 0 0 1
+1 13
+1 13
+2 13
+1 13
+1 13 0 0 1 0 0 1
+1 13
+1 13
+1 13
+1 13
+1 7 7
+4 7
+1 7
+1 7
+6 7
+1 7
+1 14
+4 7 0 0 1 0 0 1
+1 7
+3 7 7 0 0 1 0 0 1
+1 7 7 0 0 1 0 0 1
+1 7
+2 7
+1 7
+1 7
+4 7
+1 7
+1 7
+1 7
+1 7
+1 7 0 0 1 0 0 1
+7 3
+1 3
+2 3
+1 3
+2 3 3
+1 3 3
+1 3
+2 3
+1 3
+1 3
+4 3
+1 3
+1 3
+1 3
+1 3 0 0 1 0 0 1
+1 3
+41 24 0 0 1 0 0 1
+1 24 24 0 0 2 0 0 2
+1 24 24 0 0 5 0 0 4
+1 24
+1 24
+2 24
+1 24
+1 24 0 0 1 0 0 1
+1 24
+1 24
+1 24
+1 24
+1 11 11
+4 11
+1 11
+1 11
+6 11
+1 11
+1 22
+4 11 0 0 1 0 0 1
+1 11
-1 1
+1 1
+3 11 11 0 0 2 0 0 1
+1 11 11 0 0 2 0 0 2
+1 11
+2 11
+1 11
+1 11
+4 11
+1 11
+1 11
+1 11
+1 11
+1 11 0 0 1 0 0 1
+7 4
+1 4
+2 4
+1 4
+2 4 4
+1 4 4
+1 4
+2 4
+1 4
+1 4
+4 4
+1 4
+1 4
+1 4
+1 4
+1 4
+7 1
+1 1
+1 1
+4 1 0 0 1 0 0 1
+1 1
+1 1
+1 1
+13 1 1
+1 1
+1 1
+1 1
+9 74 0 0 1 0 0 1
+1 74 74 0 0 5 0 0 2
+1 74 74 0 0 4 0 0 3
+1 74
+1 74
+2 74
+1 74
+1 74 0 0 1 0 0 1
+1 74
+1 74
+1 74
+1 74
+1 63 63
+4 63
+1 63
+1 63
+6 63
+1 63
+1 126
+4 63 0 0 1 0 0 1
+1 63
-1 2
+1 2
+3 65 65 0 0 1 0 0 1
+1 65 65 0 0 5 0 0 3
+1 65
+2 65
+1 65
+1 65
+4 65
+1 65
+1 65
+1 65
+1 65
+1 65 0 0 1 0 0 1
+7 2
+1 2
+2 2
+1 2
+2 2 2 0 0 1 0 0 1
+1 2 2
+1 2
+2 2
+1 2
+1 2
+4 2
+1 2
+1 2
+1 2
+1 2 0 0 1 0 0 1
+1 2
+7 2
+1 2
+1 2
+32 15 0 0 2 0 0 1
+1 15 15 0 0 2 0 0 1
+1 15 15 0 0 2 0 0 1
+1 15
+1 15
+2 15
+1 15
+1 15 0 0 3 0 0 1
+1 15
+1 15
+1 15
+1 15
+1 10 10
+4 10
+1 10
+1 10
+6 10
+1 10
+1 20
+4 10 0 0 3 0 0 1
+1 10
-1 1
+1 1
+3 11 11 0 0 1 0 0 1
+1 11 11 0 0 3 0 0 3
+1 11
+2 11
+1 11
+1 11
+4 11
+1 11
+1 11
+1 11
+1 11
+1 11 0 0 1 0 0 1
+7 2
+1 2
+2 2
+1 2
+2 2 2
+1 2 2
+1 2
+2 2
+1 2
+1 2
+4 2
+1 2
+1 2
+1 2
+1 2 0 0 1 0 0 1
+1 2
+7 1
+1 1
+1 1
+32 36 0 0 1 0 0 1
+1 36 36 0 0 4 0 0 2
+1 36 36 0 0 8 0 0 4
+1 36
+1 36
+2 36
+1 36
+1 36 0 0 1 0 0 1
+1 36
+1 36
+1 36
+1 36
+1 19 19
+4 19
+1 19
+1 19
+6 19
+1 19
+1 38
+4 19 0 0 1 0 0 1
+1 19
-1 3
+1 3
+3 22 22 0 0 6 0 0 2
+1 22 22 0 0 3 0 0 3
+1 22
+2 22
+1 22
+1 22
+4 22
+1 22
+1 22
+1 22
+1 22
+1 22 0 0 1 0 0 1
+7 6
+1 6
+2 6
+1 6
+2 6 6
+1 6 6 0 0 1 0 0 1
+1 6
+2 6
+1 6
+1 6
+4 6
+1 6
+1 6
+1 6
+1 6 0 0 1 0 0 1
+1 6
+7 3
+1 3
+1 3
+32 23 0 0 1 0 0 1
+1 23 23 0 0 2 0 0 2
+1 23 23 0 0 6 0 0 4
+1 23
+1 23
+2 23
+1 23
+1 23 0 0 1 0 0 1
+1 23
+1 23
+1 23
+1 23
+1 9 9
+4 9
+1 9
+1 9
+6 9
+1 9
+1 18
+4 9 0 0 1 0 0 1
+1 9
-1 2
+1 2
+3 11 11 0 0 2 0 0 1
+1 11 11 0 0 2 0 0 2
+1 11
+2 11
+1 11
+1 11
+4 11
+1 11
+1 11
+1 11
+1 11
+1 11 0 0 1 0 0 1
+7 3
+1 3
+2 3
+1 3
+2 3 3
+1 3 3
+1 3
+2 3
+1 3
+1 3
+4 3
+1 3
+1 3
+1 3
+1 3 0 0 1
+1 3
+7 2
+1 2
+1 2
+4 2 0 0 1 0 0 1
+1 2
+1 2
+1 2
+7 2
+1 2
+1 2
+16 40 0 0 2 0 0 1
+1 40 40 0 0 3 0 0 3
+1 40 40 0 0 2 0 0 2
+1 40
+1 40
+2 40
+1 40
+1 40 0 0 2 0 0 1
+1 40
+1 40
+1 40
+1 40
+1 16 16
+4 16
+1 16
+1 16
+6 16
+1 16
+1 32
+4 16 0 0 2 0 0 1
+1 16
-1 1
+1 1
+3 17 17 0 0 2 0 0 1
+1 17 17 0 0 2 0 0 2
+1 17
+2 17
+1 17
+1 17
+4 17
+1 17
+1 17
+1 17
+1 17
+1 17 0 0 2 0 0 1
+7 2
+1 2
+2 2
+1 2
+2 2 2
+1 2 2
+1 2
+2 2
+1 2
+1 2
+4 2
+1 2
+1 2
+1 2
+1 2 0 0 1 0 0 1
+1 2
+7 1
+1 1
+1 1
+32 29 0 0 1 0 0 1
+1 29 29 0 0 2
+1 29 29 0 0 1
+1 29
+1 29
+2 29
+1 29
+1 29 0 0 1 0 0 1
+1 29
+1 29
+1 29
+1 29
+1 17 17
+4 17
+1 17
+1 17
+6 17
+1 17
+1 34
+4 17 0 0 2 0 0 1
+1 17
+3 17 17 0 0 1
+1 17 17 0 0 3 0 0 2
+1 17
+2 17
+1 17
+1 17
+4 17
+1 17
+1 17
+1 17
+1 17
+1 17 0 0 1 0 0 1
+7 2
+1 2
+2 2
+1 2
+2 2 2
+1 2 2 0 0 1 0 0 1
+1 2
+2 2
+1 2
+1 2
+4 2
+1 2
+1 2
+1 2
+1 2 0 0 1 0 0 1
+1 2
+41 60 0 0 1 0 0 1
+1 60 60 0 0 9 0 0 3
+1 60 60 0 0 6
+1 60
+1 60
+2 60
+1 60
+1 60 0 0 1 0 0 1
+1 60
+1 60
+1 60
+1 60
+2 44 44
+4 44
+1 44
+1 44
+6 44
+1 44
+2 88
+4 44 0 0 1 0 0 1
+1 44
-1 2
+1 2
+3 46 46 0 0 5
+1 46 46 0 0 2
+1 46
+2 46
+1 46
+1 46
+4 46
+1 46
+1 46
+1 46
+1 46
+1 46 0 0 1 0 0 1
+7 5
+1 5
+2 5
+1 5
+2 5 5
+1 5 5 0 0 1 0 0 1
+1 5
+2 5
+1 5
+1 5
+4 5
+1 5
+1 5
+1 5
+1 5 0 0 1 0 0 1
+1 5
+7 2
+1 2
+1 2
+27 1
+1 1
+1 1
+1 2
+4 1
+2 1
+1 1
+1 1
+1 1
-5 765
+2 765
+1 765
+1 765
+1 765
-3 127 0 0 1 0 0 1
+1 127
+1 127
+1 127
+1 352
+5 176
+6 176 176
+1 176 176
+8 176
+1 176 176
-16 2207 0 0 2 0 0 1
+6 2207 2207
+1 2207 2207
+8 2207
+1 2207 2207

fl=(53)
fn=(164)
208 78 0 39 2 0 2 2 0 2
58 13 13 0 0 1 0 0 1
208 26 0 26
+3 26
+21 65 0 13 1 0 1 1 0 1
58 26
239 39 0 13 0 0 1 0 0 1
cfi=(54)
cfn=(166)
calls=13 31 
* 312 65 117 2 0 2 2 0 2
* 39 0 0 1 0 0 1
+2 39 26 13
cfi=(67)
cfn=(222)
calls=12 61 
* 24876 4892 2434 118 180 191 118 180 191
cfi=(2)
cfn=(168)
calls=1 641 
* 2683 564 299 100 36 36 100 36 36
69 13 13
+1 13 13
-1 13
+1 13 0 13
243 52 13 26
-25 13
+34 39 39
59 26 13 13 1 1 0 1 1
+11 39 0 13

fn=(252)
190 2 0 1 1 0 0 1
58 1 1
190 3 0 2
+2 1 1
58 1
+1 1 1 0 1 0 0 1
+11 1 0 1
196 1 0 1
+2 2 0 1
cfi=(2)
cfn=(254)
calls=1 674 
* 26536 7876 1571 53 133 79 53 131 78
69 2 1
+1 1 0 1
201 1 0 1
+1 4 4

fn=(162)
258 6 0 3 1 0 0 1
+2 1 0 0 1 0 0 1
-2 1
+2 1
-2 2 0 1
+2 1
-2 1
+2 1 0 1
cfn=(164)
calls=1 -52 
* 2751 579 321 107 38 38 107 38 38
* 1
+1 2 1 1
+1 1 1
+1 1 1
-1 1 0 1
+3 1
-2 1 0 1
+2 6 5

fl=(33)
fn=(94)
24 2 0 1 1 0 0 1
+1 2
-1 2
+1 2 0 1
cfi=(11)
cfn=(28)
calls=1 435 
* 18 4 1 0 1 0 0 1
* 5 1 0 1 0 0 1
+14 2 2

fl=(15)
fn=(600)
76 1 0 0 1 0 0 1
-37 3 1
+37 2 1

fn=(34) _dl_x86_init_cpu_features
37 1 0 0 1 0 0 1
+2 3 1
+2 1
cfi=(16)
cfn=(36)
calls=1 728 
* 7121 844 507 101 27 9 101 27 9

fl=(20)
fn=(50)
266 24 12 0 1 0 0 1
-5 12 0 12
+17 12
-17 96 0 60
+11 12 0 12
+6 36 0 12
+4 24
+34 96 84
-29 12 0 0 1 0 0 1
+3 24
-3 12
+3 12 0 12
cfn=(52) intel_check_word.constprop.0
calls=12 133 
* 4008 420 60 6 6 0 6 6
+2 24
+3 60 0 12 1 0 0 1
cfn=(52)
calls=12 133 
* 1286 96 60 6 0 0 6
+2 24

fn=(56)
624 11 0 6 1 0 0 1
+47 1 1
-29 1 1
-3 1 1
+32 1
-17 2
-11 1 1
+28 2 0 0 1 0 0 1
+4 2
-26 1 0 1
+31 1
-14 1 0 1
-15 4 1 1
+32 1 0 1
-32 9 3 1 1 0 0 1
+75 4 0 0 1 0 0 1
+8 1
+2 1 1
-2 5 1
+2 2
-2 1
-4 3 1
+31 2
-21 4
+2 1
+2 2
-4 3 0 0 1 0 0 1
+2 1
+2 6
+2 4
+3 2
+5 1
+2 2 0 0 1 0 0 1
+1 1
+1 1
-2 2
+1 1
-19 4
+46 2
+2 1 1
-1 1
+1 2
+1 1 0 1
+25 3 1 0 1 0 0 1
+11 4
+1 5 0 0 1 0 0 1
+4 2 1
+7 1 0 1
+1 1 0 1
+1 1 0 1
+1 7 7
693 6 0 0 1 0 0 1
+14 2
+4 1
+3 1
+1 1
-4 2 0 1
+3 3 0 1
+6 4
-37 12
+7 6
-7 3 0 0 1 0 0 1
+7 2
+3 20
+5 2
+4 1
+1 1
-1 2
+1 1
+61 2 0 0 1 0 0 1
+7 1 1
+2 2
-16 1
+22 1
-6 2
+1 2 0 1 1 0 0 1
+5 1

fn=(52)
133 48 0 0 1 0 0 1
-4 48 0 24
+10 72
+87 24
-97 72 0 48 1 0 0 1
+90 24
-90 48 0 24
+10 48
-10 24 0 24
+10 24
+73 72 48
-73 24
+73 48
-69 24
+2 48 0 0 1 0 0 1
-10 12
257 144 144
-31 144 0 0 1 0 0 1
fi=(21) ./elf/../bits/stdlib-bsearch.h
28 144
fe=(20)
+92 96 48 0 0 1 0 0 1
fi=(21)
-92 108
fe=(20)
+92 72 36 0 0 1 0 0 1
+3 324
fi=(21)
-97 768
+2 720
fe=(20)
+92 480 240 0 0 4 0 0 4
+21 144
+2 36
+2 132 0 0 1 0 0 1
+8 120 0 0 1 0 0 1
+51 96
fi=(21)
44 60
-18 120
+17 72
fe=(20)
165 36 0 0 1 0 0 1
+3 60
+9 18
+1 18
+1 18
+1 18 0 0 1 0 0 1
-18 18
+12 18
+23 21
-32 63
+3 63
+4 58
+2 116
+3 58
+1 50
+1 38
+1 24
+2 11 0 0 1 0 0 1
+2 22
+6 14
+3 8 0 0 1 0 0 1
+1 12
-3 9
-5 4 0 0 1 0 0 1
+2 4
+1 4
-2 4
-1 4
+2 8
-2 4
+3 4
-2 12
+2 12
+11 2
-38 6 0 0 1 0 0 1
+12 15

fl=(186)
fn=(616)
27 1 0 0 1 0 0 1
+2 2
-2 1 0 1
+6 3
-6 3 0 1
+6 1
-6 1
+6 2 0 2
cfi=(184)
cfn=(604)
calls=1 +41 
* 220 51 14 0 10 0 0 5
* 1
+4 3 1 0 1 0 0 1
+2 3 2
+1 1
-1 1 1
+2 2 2
-1 1
cob=(2)
cfi=(187)
cfn=(618)
calls=1 -6 
* 1268 117 183 24 39 37 24 22 36

fl=(48)
fn=(464)
1177 3 0 0 1 0 0 1
+1 15 6 0 1 0 0 1
-1 12 0 3
+9 3 3
+3 3 3 0 0 2
+1 3
+4 9 3 0 1 1 0 1
+36 6
+3 6 0 3 0 0 2 0 0 1
+1 9 3 3 1 0 0 1
+5 3
-3 3 0 3
+4 6 6

fn=(588)
1138 1 0 0 1 0 0 1
+1 1 1
+3 4 1
+6 6 3
-6 9
+2 12 4 0 0 1 0 0 1
+1 8
+6 1 0 1 0 0 1
+1 1 1

fn=(272)
517 7 0 4 1 0 0 1
fi=(77) ./elf/./dl-tls_block_align.h
23 1 1
fe=(48)
+74 1 1 1
523 2 1
fi=(28)
56 1 1 1
cfi=(27)
cfn=(76)
calls=1 -20 
* 85 16 13
fe=(48)
525 2
fi=(77)
41 2 1 0 1 0 0 1
+6 4
+5 1
fi=(28)
-8 1
fi=(77)
+3 1
+1 1
+4 304 0 297 1 0 37 1 0 37
fe=(48)
535 1 0 1 0 0 1 0 0 1
-70 1 1
+5 1
fi=(28)
44 1 1 1
cfi=(27)
cfn=(72)
calls=1 +36 
* 29 4 3
fe=(48)
471 2
-2 1
+11 1
-11 1 0 1
+11 1 0 1
+60 2 1 0 1 0 0 1
-23 1
103 1 1 1
545 6 5

fn=(240)
161 3 0 0 1 0 0 1
+16 3 3
-13 3 3
-3 9 0 3
+3 3
+55 3 0 3
-2 3
+5 3 0 3
+1 6 6

fn=(590)
612 10 0 7 2 0 0 2
+1 2
+4 1 1 0 0 1
+9 2
-3 2 1 1 0 1
cfi=(24)
cfn=(84)
calls=1 43 
* 3 1
+3 3 2 0 0 1
+12 3 1 0 1 0 0 1
+70 2 1 1 1 0 0 1
cfi=(24)
cfn=(84)
calls=1 43 
* 3 1
+3 1 0 1
+3 9 8
-52 1 0 1 1 0 0 1
-42 1
-1 1
+43 2
-19 11 1 1 1 0 0 1
+26 6
+1 12 6 0 0 1
+2 6
+1 6 3
+9 3 0 3 1 0 0 1
+10 6 3
+2 18 3 12
cfi=(29)
cfn=(128)
calls=3 197 
* 47 7 4 0 2 2 0 0 2
* 15 6 3
cfi=(45)
cfn=(132)
calls=3 137 
* 52 3 12 4 0 1 0 0 1
-51 3 3
+55 3 0 3
+4 6 6
-59 12
+6 8 0 0 1 0 0 1
+3 9 3
+1 6
+6 9 6 0 1 0 0 1
+3 3 3 0 0 2
-2 3
+6 3 3
-6 3
+2 6 3 0 0 1
+4 3
-4 9 3 3 0 0 1 0 0 1
+3 6 0 0 1 0 0 1
+41 2 1 0 1 0 0 1

fn=(266)
133 2 0 1 1 0 0 1
+3 1
-3 3 0 2
+3 1 0 0 1 0 0 1
-3 1
+3 1
-3 2 0 1
+3 1 0 1
cfi=(11)
cfn=(28)
calls=1 435 
* 17 4 1 1 2 0 0 2
* 1 1
+1 4 0 1
cfi=(11)
cfn=(28)
calls=1 435 
* 17 4 1 0 2 0 0 1
+1 1
+2 1
-3 1 1
+1 2
+2 3 0 0 1 0 0 1
+3 1
+2 1 0 1
-26 3
+28 3 0 1
+1 6 5

fn=(148)
228 1 0 0 1 0 0 1
+2 2 1
+1 1 1 0 1 1 0 1 1
+15 2 1

fn=(268)
251 7 0 5 1 0 0 1
+35 1
-35 1
+37 3 1 0 1 0 0 1
-34 1
-1 1
-1 2
+63 9
+3 3
-3 15
+5 3
+7 3 0 3
-7 12
+3 3
-34 3 3
-1 6
+1 4 4
-1 8
+3 21 7 0 1 1 0 1
+4 3 3
-1 3 3
+5 3
-5 3
+1 3
-1 3
+3 6 0 0 1 0 0 1
+2 9
fi=(76) ./elf/../sysdeps/unix/sysv/linux/dl-extra_tls.h
32 3 0 0 1 0 0 1
+12 1
-12 1 0 1
cfi=(11)
cfn=(28)
calls=1 435 
* 18 4 1 0 2 0 0 2
+1 3 1
+4 10 2 0 1 0 0 1
+14 4 0 1
cfi=(11)
cfn=(28)
calls=1 435 
* 18 4 1
+1 3 1
fe=(48)
350 6 0 0 1 0 0 1
455 1 0 1
-94 1
+2 1 0 1
-2 2 0 1
+3 7 1
+2 2 0 1
+90 7 6
fi=(76)
54 1 1 0 1 0 0 1
fe=(48)
344 3
+6 3 0 0 1 0 0 1

fl=(197) ./elf/./elf/dl-init.c
fn=(656) call_init.part.0
26 84 0 42 2 0 0 1
+17 7 7 0 2 0 0 1
+3 7 7 0 0 1
-3 14 0 7
+3 14 7 0 0 7
+5 12 6
+8 18 6 0 0 4
+1 24 8 4 1 3 0 1
cob=(4)
cfi=(192)
cfn=(702) 0x00000000048f9000
calls=1 -60 
* 7 2 0 1 1 0 1
cob=(4)
cfi=(192)
cfn=(690) 0x0000000004afa000
calls=1 -60 
* 7 2 0 1 1 0 1
cob=(4)
cfi=(192)
cfn=(680) 0x0000000004d57000
calls=1 -60 
* 7 2 0 1 1 0 1
cob=(4)
cfi=(192)
cfn=(658) 0x000000000484a000
calls=1 -60 
* 7 2 0 1 1 0 1
+3 6 6 0 0 5
+1 12
+6 15 10 0 0 5
+3 10
-1 45 10
+2 60 15 15 0 2
cob=(7)
cfi=(206)
cfn=(1338) 0x00000000000bfdd0
calls=1 -74 
* 50 25 12 2 4 0 2 1
cob=(7)
cfi=(206)
cfn=(1312) 0x00000000000bfd10
calls=1 -74 
* 50 25 12 3 5 0 3 1
cob=(7)
cfi=(206)
cfn=(1294) 0x00000000000bfc90
calls=1 -74 
* 34 17 8 2 4 0 2 1
cob=(7)
cfi=(206)
cfn=(1276) 0x00000000000bfc10
calls=1 -74 
* 34 17 8 2 2 0 2 1
cob=(7)
cfi=(206)
cfn=(1274) 0x00000000000bfab0
calls=1 -74 
* 47 9 28 6 2 6 6 2 6
cob=(7)
cfi=(206)
cfn=(1256) 0x00000000000bf990
calls=1 -74 
* 57 9 22 4 2 4 4
cob=(7)
cfi=(206)
cfn=(1208) 0x00000000000bf740
calls=1 -74 
* 2478 790 376 65 59 3 65 9 2
cob=(7)
cfi=(206)
cfn=(1198) 0x00000000000bf720
calls=1 -74 
* 734 254 137 3 7 0 3
cob=(7)
cfi=(206)
cfn=(1196) 0x00000000000bf710
calls=1 -74 
* 3 1 1 0 0 1
cob=(7)
cfi=(206)
cfn=(1182) 0x00000000000bf680
calls=1 -74 
* 911 285 174 4 10 2 4 1 1
cob=(7)
cfi=(206)
cfn=(1176) 0x00000000000bff60
calls=1 -74 
* 12 1 0 3 0 0 3
cob=(7)
cfi=(206)
cfn=(1174) 0x00000000000bfe90
calls=1 -74 
* 80 14 15 1 0 0 1
cob=(6)
cfi=(205)
cfn=(696)
calls=1 -74 
* 12 1 0 3 0 0 3
cob=(2)
cfi=(203)
cfn=(678)
calls=1 -10 
* 22 5 3 1 4 1 1
cob=(2)
cfi=(202)
cfn=(676)
calls=1 545 
* 12 7 0 2 4 0 2
* 20 5 5 1 3 0 1
cob=(7)
cfi=(206)
cfn=(706) 0x00000000000bfa80
calls=1 -74 
* 86800 25891 12152 458 582 163 449 122 122
cob=(6)
cfi=(205)
cfn=(694)
calls=1 -74 
* 368 15 45 36 1 0 36
cob=(3)
cfi=(204)
cfn=(684)
calls=1 -74 
* 12 1 0 3 0 0 3
cob=(2)
cfi=(199)
cfn=(668)
calls=1 -28 
* 69 18 10 7 5 3 7 1 1
cob=(5)
cfi=(198)
cfn=(662) 0x0000000000001110
calls=1 -74 
* 12 1 0 3 0 0 3
-1 60 0 0 1
+3 56 49 0 0 1
-29 2

fn=(654) _dl_init
81 13 0 6 2 0 0 2
+1 1 1 0 0 1
+1 1 1
+3 3 1
+8 2
+25 1 1 0 1 0 0 1
+1 8
+1 14 14 0 1 1
-92 14 7
+6 21 7 0 1 0 0 1
+2 32
+83 12 0 6
cfn=(656)
calls=6 -94 
* 92214 27507 13067 611 721 183 599 139 132
* 12 0 0 1
+7 8 7 0 0 1
-98 2 1 0 1 0 0 1
+60 2 0 1
-54 3 1
+2 7 0 2 1 0 1 1
cfn=(656)
calls=1 -11 
* 77 23 9 8 5 0 8
* 2 1

fl=(27)
fn=(76)
36 42 0 0 1 0 0 1
+1 126 42 0 0 3
+11 123 41
+3 41
-3 41 0 41
+3 82
-3 2
+3 1
-3 1 0 1
+3 158 0 0 1 0 0 1
+5 12 3
+1 6
-21 3 0 3
+24 9
-24 9 0 3 0 0 1 0 0 1
+24 3
-24 3 0 3
+23 3
+1 6 0 0 1 0 0 1
-24 3
+24 3 0 3
cfi=(60)
cfn=(192)
calls=3 -13 
* 78 12 9 3 0 0 3
+2 6
+2 15 0 6
cfi=(61)
cfn=(194)
calls=3 -4 
* 56 15 7 3 1 1 3 1 1
+1 12 6
+2 3
+4 3
-1 3 0 3
-3 3 0 3
+4 3 0 3
+2 15 12
-3 39 0 39 1 0 4 1 0 1
+1 39 0 39
+2 39 39
-30 1 1 0 1 0 0 1
-1 1
+1 1
+1 2
-2 2 0 1
+28 2 1

fn=(144)
97 3 0 0 2 0 0 1
+2 12 6

fn=(72)
80 17 0 0 2 0 0 1
+4 17
-4 68
+7 17
+1 51
fi=(28)
-32 17 17
cfi=(27)
cfn=(76)
calls=17 -20 
* 483 84 79 11 3 5 11 1 3
fe=(27)

fl=(60)
fn=(192)
47 26 0 0 1 0 0 1
+3 52
-3 156 0 78 1 0 0 1
+6 52
+5 156
+2 104 104
-7 55 5 0 1 0 0 1

fl=(1) ???
fn=(0) 0x0000000000023340
0 2 0 1 1 0 1 1 0 1
cfi=(2)
cfn=(2)
calls=1 519 
0 1798640 470823 173330 1165 11430 2557 1140 7406 1821
0 8 1 1 1
cfi=(80)
cfn=(650)
calls=1 331 
0 4 1 0 2 0 0 2
0 10 2 1 1 1 0 1
cfi=(197)
cfn=(654)
calls=1 81 
0 92449 27572 13091 627 729 184 613 139 132
0 3 0 0 1
cob=(8)
cfi=(229)
cfn=(1366)
calls=1 0 
0 1522141755 584473922 115835644 1687 18876769 384259 788 121 23386

fl=(7)
fn=(136)
239 2 0 0 1 0 0 1
+3 6 2 0 0 1 0 0 1
+2 2 2
+1 4
+4 3 1
-2 3
+4 28
+5 84 28
-2 56 28 0 1 0 0 1
+13 1 0 1
+4 4 2
-22 14 14
+15 14
-15 30

fn=(608) lookup_malloc_symbol
61 8 0 4 1 0 0 1
+3 4
-3 12 0 4
+3 4 0 0 1 0 0 1
-3 4
+3 20 4 8
-1 4 0 4
+1 4 0 4
cfi=(82)
cfn=(294)
calls=4 767 
* 2801 807 333 2 25 0 0 2
+4 32 16
+1 24 12 0 1 0 0 1
+2 4 0 4
fi=(185) ./elf/./dl-sym-post.h
-30 8
+12 12 4
fe=(7)
+19 12 12

fn=(12)
42 1 0 0 1 0 0 1
+1 2 0 1 0 0 1 0 0 1
+1 2 0 1
+1 2 0 1
+1 2 0 1 0 0 1 0 0 1
+1 1 1

fn=(606)
76 2 0 1 1 0 0 1
+10 1
+5 1
-15 3 0 2
+15 1
-15 5 0 3
+10 1 0 1
+2 1 0 1
+1 1 0 1
+2 1 0 1 1 0 0 1
cfn=(608)
calls=1 -30 
* 699 213 92 3 7 0 3
+1 3
-1 1
+1 1 0 1
cfn=(608)
calls=1 -31 
* 784 218 92 0 7
+1 3
-1 1
+1 1 0 1
cfn=(608)
calls=1 -32 
* 756 219 92 0 6 0 0 1
+1 3
-1 1
+1 1 0 1 1 0 0 1
cfn=(608)
calls=1 -33 
* 714 205 85 2 5 0 0 1
+5 1 0 1
+1 1 0 1
+1 1 0 1
+1 1 0 1 0 0 1
+1 8 7

fl=(182)
fn=(594)
105 7 7 0 1 2 0 1
+10 7
+1 7
-11 7 0 7 0 0 2 0 0 1
+1 14 7 7 0 0 1 0 0 1
+1 7 0 7
+8 7 0 7 0 0 2 0 0 2
+1 7 0 7
+5 28 14 0 1 6 0 1
+1 14
-19 14
+21 166
-2 270
+2 270 90 0 0 72
+3 7 7
+5 7 0 0 1 0 0 1
-5 14 7 7 0 4
+16 14
+5 7 0 7
+1 7 7

fl=(42)
fn=(124)
25 2 0 0 1 0 0 1
+1 3 1
+1 1
+20 1 1

fn=(120)
51 110 0 66 2 0 0 2
-25 33 11
+36 5
-7 5
+7 35 35
-26 24
+5 27 0 9
cfi=(43)
cfn=(122)
calls=9 -9 
* 216 27 0 3 1 0 3 1
+1 18
+3 18 0 6
+11 6 6
+1 18 0 6
+1 12
-13 6 0 3
+11 3 3
+1 9 0 3
+1 6
-28 24 12 12 1 0 0 1
+4 54 12 0 0 1 0 0 1
+1 12 0 6 1 0 0 1
-1 30 6
+24 6 6
+9 12
-5 6 0 0 1 0 0 1
-2 6
+2 42 42
-19 6 0 3
cfi=(22)
cfn=(60)
calls=3 +14 
* 51 6
* 3

fl=(9)
fn=(638)
147 1 0 0 1 0 0 1
+1 1 1

fn=(16)
102 5 0 2 1 0 1 1 0 1
+4 1
-4 1
+1 1 0 1
+3 1 0 1
cfn=(18) _dl_sysdep_parse_arguments
calls=1 -28 
* 400 103 106 8 10 13 8 10 13
+4 2 1 1
cfi=(11)
cfn=(22) __GI___tunables_init
calls=1 294 
* 6985 1168 33 10 24 5 10 24 5
+3 1 0 1
cfi=(13)
cfn=(26)
calls=1 289 
* 32 7 4 4 2 0 4 2
+2 2 0 1
cfi=(14)
cfn=(30)
calls=1 -79 
* 8 1 1 1 0 1 1 0 1
fi=(6)
+94 1 0 1
cfi=(15)
cfn=(34)
calls=1 37 
* 7126 845 507 102 27 9 102 27 9
fe=(9)
-87 3 1 0 1 0 0 1
+1 1 0 1
cfi=(22)
cfn=(60)
calls=1 -66 
* 17 2 0 2 1 0 2 1
* 1 0 1
+2 2 0 1
cfi=(23)
cfn=(62)
calls=1 -88 
* 13 3 1 2 0 0 2
* 3
+12 3 1
+3 5 3 1 1 0 0 1
cfi=(2)
cfn=(64)
calls=1 1356 
* 1783402 468593 172592 1000 11353 2508 978 7331 1772
+3 4 4 0 1 1

fn=(18)
78 1 0 1 1 0 0 1
+2 1
-2 7 0 5 0 0 1 0 0 1
+1 1 1 0 0 1 0 0 1
+1 1 0 1
-1 1 0 1
+2 3 0 1 0 0 1 0 0 1
+2 3 1
-1 1 0 0 1 0 0 1
+1 2 1
-1 28
+1 56 28 0 0 4 0 0 4
+7 56 0 52 0 0 7 0 0 7
fi=(10) ./elf/../sysdeps/unix/sysv/linux/dl-parse_auxv.h
-48 1 1
fe=(9)
+44 1
fi=(10)
-53 1
fe=(9)
+53 1 0 1 0 0 1 0 0 1
fi=(10)
-53 1 0 1
+1 1 0 1 1 0 0 1
+1 1 0 1
+7 3
+1 44
+1 22 22 0 0 5 0 0 5
-2 22
+2 22 0 22
-2 66 22 0 1 0 0 1
+13 1 1
+10 1
fe=(9)
+29 1 1
fi=(10)
-27 1
fe=(9)
+26 1 1
+2 1 1
fi=(10)
-40 1 0 1
+2 1 1
fe=(9)
+37 1 0 1
fi=(10)
-47 1 1 0 1 0 0 1
+10 1 0 1
+8 1 1
-17 1 1
+1 1 1
+16 1
-15 1 1
+1 1 1
+14 1
+2 1 1
-15 1 1 0 1 0 0 1
+1 1 1
+1 2 2
+13 3 1
-18 1 0 1
+6 1 1
-5 1 0 1
+5 1 0 1
+2 1 1 0 1 0 0 1
-6 1 0 1
+6 1 0 1 0 0 1 0 0 1
fe=(9)
+37 1 1
fi=(10)
-42 1 0 1
-4 1 0 1 0 0 1 0 0 1
+5 1 0 1
+1 1 0 1
-8 1 0 1
+21 1 0 1 1 0 1 1 0 1
-20 1 0 1
+18 1 0 1
fe=(9)
+28 1 0 1
+1 1 0 1
+1 1 0 1
+1 8 7

fl=(11)
fn=(28)
435 33 0 0 2 0 0 1
+3 66
-3 33
+3 165 33 0 0 30 0 0 29
+9 30 30 0 0 19 0 0 14
-9 60
+19 21 0 21
+7 99 33 0 0 7 0 0 5
+2 33 33
-19 12 0 12 1 0 0 1
+1 12
+9 6

fn=(22)
294 1 0 0 1 0 0 1
+6 3 1
-6 1 0 1
+10 2
-10 3 0 2 1 0 0 1
-39 1
+39 1 0 1
+10 1
-10 2 0 1
+10 1
-10 3 0 1
+10 28 0 27 0 0 5 0 0 5
+2 1
43 150 30 0 1 0 0 1
+6 29 29 0 0 9 0 0 9
-3 29
+3 2122 270 0 1 4 0 1 4
+4 58
+4 29
fi=(12) ./elf/./elf/dl-tunables.h
161 78 10
fe=(11)
+27 29 0 0 1 0 0 1
319 116 29 0 1 1 0 1 1
+1 29
+2 87 29 0 0 1 0 0 1
-3 928 232 0 0 1 0 0 1
+1 232
+2 696 232 0 0 8 0 0 8
-5 812
fi=(12)
160 275 275
+1 1100
-1 70 14 0 1 0 0 1
fe=(11)
337 6 1 0 1 0 0 1
+6 27 9 0 1 0 0 1
-3 27 0 0 1 0 0 1
+12 8 7

fn=(58)
162 6 0 0 1 0 0 1
-89 6
+89 18
-89 48 6
+21 6 6 0 1 0 0 1
-11 6 6
+12 6 6
-1 18 6
+1 24 6
+4 12
+2 12
+4 6
-4 12
+11 12 0 0 1 0 0 1
+1 12
+3 12 0 6 1 0 0 1
+1 6 0 6
+1 6 0 6
+1 6 0 6
+47 6 6

ob=(7)
fl=(206)
fn=(972) std::moneypunct<char, false>::_M_initialize_moneypunct(__locale_struct*, char const*)
0 107 35 28 5 0 0 5

fn=(1126) std::locale::operator=(std::locale const&)
0 196 70 14 6 0 0 2

fn=(1590) std::__cxx11::basic_string<char, std::char_traits<char>, std::allocator<char> >::_M_append(char const*, unsigned long)
0 436 60 62 6 0 0 2
cob=(4)
cfi=(192)
cfn=(1592) 0x0000000004901430
calls=14 0 
0 1212 387 192 9 41 0 1 2
0 136 70 40 2 0 0 1
cob=(4)
cfi=(192)
cfn=(1596) 0x0000000004901320
calls=4 0 
0 2293 588 340 24 16 13 12 1
0 48 28 14 2 0 0 1

fn=(1604) std::basic_filebuf<char, std::char_traits<char> >::open(char const*, std::_Ios_Openmode)
0 36 0 15 1 0 0 1
cob=(4)
cfi=(192)
cfn=(1606) 0x0000000004900690
calls=3 0 
0 868 282 141 2 9 0 2 1
0 21 0 3 2 0 0 1
cob=(4)
cfi=(192)
cfn=(1612) 0x00000000048fe350
calls=3 0 
0 3716 1016 703 102 54 21 47 9
0 6 0 3
cob=(4)
cfi=(192)
cfn=(1606)
calls=3 0 
0 18 9
0 12 0 3
cob=(4)
cfi=(192)
cfn=(1654) 0x00000000048fdeb0
calls=3 0 
0 1550 406 209 15 14 2 5 2
0 66 21 24 5 0 0 2

fn=(1658) std::basic_filebuf<char, std::char_traits<char> >::_M_allocate_internal_buffer()
0 36 9 9 4 0 0 2
cob=(4)
cfi=(192)
cfn=(1660) 0x00000000048fd390
calls=3 0 
0 489 87 60 7 4 2 1
0 15 9 6

fn=(2012) std::uncaught_exception()
0 8 0 4 1 0 0 1
cob=(4)
cfi=(192)
cfn=(2014) 0x00000000048ffff0
calls=2 0 
0 1614 583 289 7 45 0 7 3
0 10 6 0 0 1

fn=(2030) std::basic_ostream<wchar_t, std::char_traits<wchar_t> >::flush()
0 45 12 12 2 7 0 2
cob=(4)
cfi=(192)
cfn=(2032) 0x00000000048ff480
calls=3 0 
0 1120 360 167 4 10 0 4 2
0 21 18 3 0 3
cfn=(2038) __gnu_cxx::stdio_sync_filebuf<wchar_t, std::char_traits<wchar_t> >::sync()
calls=3 0 
0 222 78 33 0 2
0 32 13 5 1 0 0 1
cob=(4)
cfi=(192)
cfn=(2008) 0x00000000048feaa0
calls=1 0 
0 35 15 4
0 11 5 3
cfn=(2038)
calls=1 0 
0 74 26 11
0 34 21 1 2 0 0 2

fn=(2031) std::basic_ostream<wchar_t, std::char_traits<wchar_t> >::flush()'2
0 15 4 4
cob=(4)
cfi=(192)
cfn=(2033) 0x00000000048ff480'2
calls=1 0 
0 17 6 3
0 7 6 1
cfn=(2038)
calls=1 0 
0 74 26 11
0 18 10 1

fn=(814) std::codecvt<char, char, __mbstate_t>::codecvt(unsigned long)
0 14 1 5 2 1 1 2 0 1
cob=(4)
cfi=(192)
cfn=(762) 0x0000000004900560
calls=1 0 
0 22 7 2
0 4 3 1

fn=(820) std::__cxx11::numpunct<char>::_M_initialize_numpunct(__locale_struct*)
0 416 136 74 7 6 0 7 3

fn=(916) std::__cxx11::numpunct<wchar_t>::_M_initialize_numpunct(__locale_struct*)
0 350 72 73 5 0 3 5 0 3

fn=(1038) std::moneypunct<wchar_t, false>::_M_initialize_moneypunct(__locale_struct*, char const*)
0 104 26 28 6 0 0 6

fn=(1074) std::messages<wchar_t>::messages(unsigned long)
0 14 1 5 1 0 0 1
cob=(4)
cfi=(192)
cfn=(762)
calls=1 0 
0 22 7 2
0 2 0 2
cob=(4)
cfi=(192)
cfn=(750) 0x00000000048fe4f0
calls=1 0 
0 5 2
0 4 3 1 1 0 0 1

fn=(1100) std::locale::locale(std::locale::_Impl*)
0 3 1 1 1 0 1 1

fn=(1196)
0 3 1 1 0 0 1

fn=(1426) std::ostream::put(char)
0 52 4 20 4 0 0 2
cob=(4)
cfi=(192)
cfn=(1428) 0x0000000004901530
calls=4 0 
0 780 272 146 5 5 1 5 2
0 100 72 4 4 4 0 2
cfn=(1434) __gnu_cxx::stdio_sync_filebuf<char, std::char_traits<char> >::overflow(int)
calls=4 0 
0 1931 546 299 55 24 3 37 8 1
0 8

fn=(1468) std::ostream::flush()
0 105 28 28 6 7 0 2
cob=(4)
cfi=(192)
cfn=(1428)
calls=7 0 
0 268 101 45 1 1
0 49 42 7 0 5
cfn=(1470) __gnu_cxx::stdio_sync_filebuf<char, std::char_traits<char> >::sync()
calls=7 0 
0 1326 460 220 34 25 0 12 6
0 68 29 9 3 0 0 1
cob=(4)
cfi=(192)
cfn=(2008)
calls=1 0 
0 2326 826 423 10 55 2 10 5
0 11 5 3
cfn=(1470)
calls=1 0 
0 74 26 11
0 70 45 1 6 0 0 2

fn=(1469) std::ostream::flush()'2
0 15 4 4
cob=(4)
cfi=(192)
cfn=(1429) 0x0000000004901530'2
calls=1 0 
0 17 6 3
0 7 6 1
cfn=(1470)
calls=1 0 
0 74 26 11
0 18 10 1

fn=(1470)
0 27 9 0 3 2 0 1
cob=(4)
cfi=(192)
cfn=(1472) 0x0000000004901690
calls=9 0 
0 1447 503 242 31 23 0 11 6

fn=(1570) std::basic_filebuf<char, std::char_traits<char> >::basic_filebuf()
0 48 3 21 6 2 2 2
cob=(4)
cfi=(192)
cfn=(722) 0x00000000048fea00
calls=3 0 
0 81 30 15
0 33 3 18 3 2 0 1
cob=(4)
cfi=(192)
cfn=(1572) 0x0000000004901150
calls=3 0 
0 875 277 140 5 39 26 3 2
0 45 3 39 6 2 2 2
cob=(4)
cfi=(192)
cfn=(804) 0x00000000048fe920
calls=3 0 
0 24 9 0 0 2
0 24 18 3 3 0 0 1

fn=(1664) std::basic_ios<char, std::char_traits<char> >::clear(std::_Ios_Iostate)
0 27 9 3 2 0 0 1

fn=(1674) std::codecvt<char, char, __mbstate_t>::do_always_noconv() const
0 984 328 0 1 0 0 1

fn=(1850) std::__basic_file<char>::close()
0 42 0 18 3 0 0 1
cob=(4)
cfi=(192)
cfn=(1606)
calls=6 0 
0 36 18
0 45 15 6 3 0 0 1
cob=(4)
cfi=(192)
cfn=(1852) 0x0000000004900950
calls=3 0 
0 2192 682 389 113 26 0 38 3
0 24 12 3

fn=(1888) std::ios_base::~ios_base()
0 33 3 12 2 0 0 2
cob=(4)
cfi=(192)
cfn=(1890) 0x00000000048ff610
calls=3 0 
0 900 287 140 5 11 0 4 1
0 6 0 3
cob=(4)
cfi=(192)
cfn=(1896) 0x00000000048fd940
calls=3 0 
0 846 278 143 4 9 0 1 1
0 24 9 0 1 0 0 1
cob=(4)
cfi=(192)
cfn=(1128) 0x0000000004900010
calls=3 0 
0 24 12 0 1

fn=(1900) std::ios_base::_M_dispose_callbacks()
0 39 12 9

fn=(1694) std::num_put<char, std::ostreambuf_iterator<char, std::char_traits<char> > >::do_put(std::ostreambuf_iterator<char, std::char_traits<char> >, std::ios_base&, char, long) const
0 192 0 0 1 0 0 1
cob=(4)
cfi=(192)
cfn=(1696) 0x00000000048ffd90
calls=64 0 
0 18861 4341 2867 21 18 2 14

fn=(1720) std::num_put<char, std::ostreambuf_iterator<char, std::char_traits<char> > >::do_put(std::ostreambuf_iterator<char, std::char_traits<char> >, std::ios_base&, char, double) const
0 320 0 0 3 0 0 1
cob=(4)
cfi=(192)
cfn=(1722) 0x00000000048ff6a0
calls=80 0 
0 157091 36029 25071 411 101 50 165 35

fn=(2036) std::basic_ostream<wchar_t, std::char_traits<wchar_t> >::sentry::sentry(std::basic_ostream<wchar_t, std::char_traits<wchar_t> >&)
0 42 12 10 2 1 0 2
cob=(4)
cfi=(192)
cfn=(2027) 0x0000000004900b50'2
calls=1 0 
0 133 53 20
0 19 9 3 1 0 0 1

fn=(2037) std::basic_ostream<wchar_t, std::char_traits<wchar_t> >::sentry::sentry(std::basic_ostream<wchar_t, std::char_traits<wchar_t> >&)'2
0 15 5 3

fn=(760) std::ctype<char>::ctype(unsigned short const*, bool, unsigned long)
0 18 1 7 2 1 1 2 0 1
cob=(4)
cfi=(192)
cfn=(762)
calls=1 0 
0 3710 1203 602 26 45 4 26 16
0 82 8 39 3 1 8 3 0 8

fn=(844) std::__timepunct<char>::_M_initialize_timepunct(__locale_struct*)
0 22 4 7 3 1 0 3
cob=(4)
cfi=(192)
cfn=(762)
calls=1 0 
0 22 7 2
0 112 27 25 10 2 0 10

fn=(910) std::codecvt<wchar_t, char, __mbstate_t>::codecvt(unsigned long)
0 14 1 5 2 0 1 2 0 1
cob=(4)
cfi=(192)
cfn=(762)
calls=1 0 
0 22 7 2
0 4 3 1 0 0 1 0 0 1

fn=(1108) std::ios_base::ios_base()
0 660 11 264 9 2 34 3 0 23
cob=(4)
cfi=(192)
cfn=(722)
calls=11 0 
0 297 110 55 9 6 3 0 0 1

fn=(1160) std::basic_ios<wchar_t, std::char_traits<wchar_t> >::_M_cache_locale(std::locale const&)
0 36 4 16 1 0 0 1
cob=(4)
cfi=(192)
cfn=(804)
calls=4 0 
0 32 12
0 28 16 8 1 0 0 1
cob=(4)
cfi=(192)
cfn=(804)
calls=4 0 
0 32 12
0 28 16 8 1 0 0 1
cob=(4)
cfi=(192)
cfn=(804)
calls=4 0 
0 32 12
0 36 28 4

fn=(1162) std::ctype<wchar_t>::do_widen(char) const
0 16 8 0 1 0 0 1

fn=(1188) std::error_category::error_category()
0 10 4 2 1 1 0 1

fn=(1208)
0 17 1 10 2 0 1 2
cob=(4)
cfi=(192)
cfn=(1210) 0x00000000048fedf0
calls=1 0 
0 1162 413 159 11 41 0 11 6
0 33 7 8 3 0 0 3
cob=(4)
cfi=(192)
cfn=(1228) 0x00000000048fe320
calls=1 0 
0 1258 369 195 48 18 2 48 3 2
0 8 0 4 1 0 0 1

fn=(1256)
0 57 9 22 4 2 4 4

fn=(1396) operator new[](unsigned long)
0 35052 0 0 2 0 0 1
cob=(4)
cfi=(192)
cfn=(1398) 0x00000000048fddb0
calls=17526 0 
0 2920353 530603 353325 85 825 16510 27 3 1378

fn=(1528) operator delete(void*)
0 35086 0 0 1 0 0 1
cob=(4)
cfi=(192)
cfn=(1530) 0x00000000048feda0
calls=17543 0 
0 2984493 902299 502539 52 15320 107 31 1 12

fn=(1600) std::__cxx11::basic_string<char, std::char_traits<char>, std::allocator<char> >::_M_mutate(unsigned long, unsigned long, char const*, unsigned long)
0 120 16 44 6 0 0 3
cob=(4)
cfi=(192)
cfn=(1582) 0x00000000048ff950
calls=4 0 
0 623 117 90 5 5 12 4
0 52 12 12
cob=(4)
cfi=(192)
cfn=(1592)
calls=4 0 
0 54 16 8
0 68 8 12 3 0 0 1
cob=(4)
cfi=(192)
cfn=(1592)
calls=4 0 
0 70 16 8 0 0 1
0 44 12 8 6 0 0 2
cob=(4)
cfi=(192)
cfn=(1524) 0x00000000048fe540
calls=4 0 
0 156 44 16 0 1
0 60 44 8

fn=(1618) 0x00000000001034d0
0 27 6 0 2 2 0 0 1

fn=(1708) 0x0000000000152680
0 3081 237 173 4 2 0 2

fn=(1726) std::ostreambuf_iterator<char, std::char_traits<char> > std::num_put<char, std::ostreambuf_iterator<char, std::char_traits<char> > >::_M_insert_float<double>(std::ostreambuf_iterator<char, std::char_traits<char> >, std::ios_base&, char, char, double) const
0 1600 80 960 4 0 0 2
cfn=(1702) 0x000000000014df80
calls=80 0 
0 2320 960 400
0 720 80 80 1 0 0 1
cob=(4)
cfi=(192)
cfn=(1728) 0x00000000048ff310
calls=80 0 
0 3609 517 454 12 6 3 6 2
0 1040 80 240 3 0 0 1
cob=(4)
cfi=(192)
cfn=(762)
calls=80 0 
0 1760 560 160 8 6
0 880 80 240 1 0 0 1
cfn=(1734) 0x0000000000118200
calls=80 0 
0 124251 27616 19937 347 67 40 139 25
0 400 80 160 3 0 0 1
cob=(4)
cfi=(192)
cfn=(804)
calls=80 0 
0 640 240
0 2560 560 240 8 0 0 4
cob=(4)
cfi=(192)
cfn=(1794) 0x00000000048fdcb0
calls=80 0 
0 2515 525 146 10 12 0 4 7
0 2000 800 240 4 0 0 1
cfn=(1672) std::basic_filebuf<char, std::char_traits<char> >::xsputn(char const*, long)
calls=80 0 
0 7956 2240 1280 0 0 7
0 1920 800 160 5 0 0 2
cob=(4)
cfi=(192)
cfn=(1592)
calls=80 0 
0 1236 320 160
0 320 80 80 1 0 0 1

fn=(1808) std::basic_filebuf<char, std::char_traits<char> >::_M_terminate_output()
0 51 15 15 4 0 0 2
cfn=(1682) std::basic_filebuf<char, std::char_traits<char> >::overflow(int)
calls=3 0 
0 4698 1532 785 52 51 0 18 14
0 30 12 6
cfn=(1674)
calls=3 0 
0 9 3
0 39 21 0 5 0 0 2

fn=(1826) std::__basic_file<char>::fd()
0 9 3 0 3 0 0 1
cob=(4)
cfi=(192)
cfn=(1828) 0x00000000048fd6a0
calls=3 0 
0 803 289 143 8 9 0 4 2

fn=(1880) std::__basic_file<char>::~__basic_file()
0 12 0 6
cob=(4)
cfi=(192)
cfn=(1846) 0x0000000004900bf0
calls=3 0 
0 66 21 9
0 6 6

fn=(706)
0 5 0 2 1 0 0 1
cob=(4)
cfi=(192)
cfn=(708) 0x00000000049001b0
calls=1 0 
0 85758 25573 11984 446 563 161 439 116 122
0 5 2 0 0 1
cob=(4)
cfi=(192)
cfn=(1166) 0x00000000048fe730
calls=1 0 
0 1032 316 166 11 18 2 9 6

fn=(1682)
0 129 30 27 9 0 0 3
cob=(4)
cfi=(192)
cfn=(1810) 0x0000000004901260
calls=3 0 
0 4545 1490 755 48 51 0 17 14
0 183 54 33 11 0 0 5

fn=(2042) 0x00000000000bfeb0
0 5 1 0 2

fn=(754) std::locale::facet::_S_get_c_name()
0 21 7 0 1 0 0 1

fn=(778)
0 7 1 0 1 0 0 1
cob=(4)
cfi=(192)
cfn=(782) 0x00000000048fe610
calls=1 0 
0 1854 591 288 11 19 3 11 6

fn=(934) std::__timepunct<wchar_t>::__timepunct(std::__timepunct_cache<wchar_t>*, unsigned long)
0 16 1 7 1 1 1 1 0 1
cob=(4)
cfi=(192)
cfn=(750)
calls=1 0 
0 5 2
0 4 0 2 1 0 0 1
cob=(4)
cfi=(192)
cfn=(936) 0x00000000048ff440
calls=1 0 
0 1212 346 174 16 11 0 16 2
0 3 3

fn=(954) std::numpunct<char>::_M_initialize_numpunct(__locale_struct*)
0 416 136 74 5 0 0 5

fn=(1154) std::basic_ios<wchar_t, std::char_traits<wchar_t> >::init(std::basic_streambuf<wchar_t, std::char_traits<wchar_t> >*)
0 32 0 16 2 0 0 2
cob=(4)
cfi=(192)
cfn=(1116) 0x0000000004900920
calls=4 0 
0 308 112 56
0 12 0 4
cob=(4)
cfi=(192)
cfn=(1156) 0x0000000004901440
calls=4 0 
0 1220 398 170 5 9 0 5 2
0 28 12 4 0 1
cfn=(1162)
calls=4 0 
0 16 8 0 1 0 0 1
0 56 16 24 1 0 0 1

fn=(1312)
0 50 25 12 3 5 0 3 1

fn=(1486) __gnu_cxx::stdio_sync_filebuf<char, std::char_traits<char> >::xsputn(char const*, long)
0 10 2 0 4 0 0 2
cob=(4)
cfi=(192)
cfn=(1488) 0x0000000004900ed0
calls=2 0 
0 1310 399 189 36 14 0 17 2

fn=(1686) std::ostream::operator<<(int)
0 704 192 0 3 0 0 1
cob=(4)
cfi=(192)
cfn=(1688) 0x00000000048fe5d0
calls=64 0 
0 24633 6511 3769 31 31 2 21 1

fn=(1820) std::__basic_file<char>::xsputn(char const*, long)
0 33 0 18 3 0 0 1
cob=(4)
cfi=(192)
cfn=(1822) 0x00000000048fe1e0
calls=3 0 
0 1571 549 277 14 18 0 7 4
0 15 0 3
cob=(4)
cfi=(192)
cfn=(1834) 0x0000000004901210
calls=3 0 
0 969 318 162 13 14 0 0 5
0 33 18 0 2 0 0 1

fn=(1842) std::basic_filebuf<char, std::char_traits<char> >::_M_destroy_internal_buffer()
0 36 6 9 3 0 0 1
cob=(4)
cfi=(192)
cfn=(1844) 0x00000000048fd320
calls=3 0 
0 459 138 57 22 2 0 1
0 36 12 15

fn=(1680) std::basic_streambuf<char, std::char_traits<char> >::xsputn(char const*, long)
0 11938 2913 2254 4 0 0 2
cob=(4)
cfi=(192)
cfn=(1592)
calls=322 0 
0 5607 1155 511 1 9 19 1 5
0 975 3 325 3 2 0 1 1
cfn=(1682)
calls=3 0 
0 159 42 30 16 0 0 7
0 18 0 0 2 0 0 1

fn=(1994) std::error_category::~error_category()
0 4 2

fn=(1996)
0 4 0 1 1 0 0 1
cob=(4)
cfi=(192)
cfn=(1990) 0x00000000048ff460
calls=1 0 
0 4 2

fn=(2018) __cxa_get_globals
0 10 0 4 1 0 0 1
cob=(4)
cfi=(192)
cfn=(2020) 0x00000000048ff270
calls=2 0 
0 901 333 151 4 36 0 4 1
0 6 4

fn=(742) std::locale::_Impl::_Impl(unsigned long)
0 18 1 10 2 0 1 2 0 1
cob=(4)
cfi=(192)
cfn=(744) 0x00000000048fd960
calls=1 0 
0 945 299 165 8 12 9 7 2 7
0 6 0 2
cob=(4)
cfi=(192)
cfn=(744)
calls=1 0 
0 38 3 12 0 0 6 0 0 6
0 14 0 10 2 0 2 2 0 2
cob=(4)
cfi=(192)
cfn=(750)
calls=1 0 
0 798 263 134 3 10 0 3 2
0 7 1 2 0 1 0 0 1
cob=(4)
cfi=(192)
cfn=(756) 0x00000000048fd880
calls=1 0 
0 4517 1460 782 33 56 13 33 17 9
0 4 1 1 1 1 0 1
cob=(4)
cfi=(192)
cfn=(798) 0x00000000048ff210
calls=1 0 
0 2064 655 281 12 11 0 12 4
0 3 0 1
cob=(4)
cfi=(192)
cfn=(810) 0x00000000048feb10
calls=1 0 
0 827 272 142 4 9 1 4 2 1
0 4 1 1 0 1
cob=(4)
cfi=(192)
cfn=(798)
calls=1 0 
0 402 120 13 0 1
0 23 1 15 3 0 4 3 0 4
cob=(4)
cfi=(192)
cfn=(816) 0x00000000049008a0
calls=1 0 
0 1445 433 208 9 17 0 9 4
0 4 1 1 0 1
cob=(4)
cfi=(192)
cfn=(798)
calls=1 0 
0 402 120 13 0 1 0 0 1
0 8 2 3 1 2 0 1
cob=(4)
cfi=(192)
cfn=(798)
calls=1 0 
0 402 120 13 0 1 0 0 1
0 8 2 3 1 2 0 1
cob=(4)
cfi=(192)
cfn=(798)
calls=1 0 
0 402 120 13
0 5 1 3 0 1
cob=(4)
cfi=(192)
cfn=(762)
calls=1 0 
0 22 7 2
0 5 1 2 1 1 0 1
cob=(4)
cfi=(192)
cfn=(798)
calls=1 0 
0 402 120 13
0 28 1 19 3 1 3 3 0 3
cob=(4)
cfi=(192)
cfn=(822) 0x00000000048fef70
calls=1 0 
0 1200 343 162 6 11 0 6 3
0 4 1 1 1 1 0 1
cob=(4)
cfi=(192)
cfn=(798)
calls=1 0 
0 402 120 13
0 28 1 19 3 1 2 3 0 2
cob=(4)
cfi=(192)
cfn=(828) 0x00000000049006d0
calls=1 0 
0 1208 344 162 6 7 0 6 2
0 4 1 1 0 1
cob=(4)
cfi=(192)
cfn=(798)
calls=1 0 
0 402 120 13
0 8 2 3 1 2 0 1
cob=(4)
cfi=(192)
cfn=(798)
calls=1 0 
0 402 120 13
0 8 2 3 1 1 1 1 0 1
cob=(4)
cfi=(192)
cfn=(798)
calls=1 0 
0 402 120 13
0 34 0 28 4 0 7 4 0 7
cob=(4)
cfi=(192)
cfn=(834) 0x00000000048ffb60
calls=1 0 
0 2033 613 311 19 23 0 19 2
0 4 1 1 0 1
cob=(4)
cfi=(192)
cfn=(798)
calls=1 0 
0 402 120 13
0 8 2 3 1 1 1 1 0 1
cob=(4)
cfi=(192)
cfn=(798)
calls=1 0 
0 402 120 13
0 8 2 3 1 2 0 1
cob=(4)
cfi=(192)
cfn=(798)
calls=1 0 
0 402 120 13 0 1 0 0 1
0 3 0 1
cob=(4)
cfi=(192)
cfn=(846) 0x00000000048fd710
calls=1 0 
0 819 269 144 4 9 0 4
0 4 1 1 0 1
cob=(4)
cfi=(192)
cfn=(798)
calls=1 0 
0 402 120 13
0 3 0 1
cob=(4)
cfi=(192)
cfn=(852) 0x00000000048fdc50
calls=1 0 
0 25256 7232 3532 50 90 21 48 25 21
0 4 1 1 1 1 0 1
cob=(4)
cfi=(192)
cfn=(798)
calls=1 0 
0 402 120 13 0 1 0 0 1
0 3 0 1
cob=(4)
cfi=(192)
cfn=(906) 0x00000000048fe6b0
calls=1 0 
0 827 272 142 2 6 2 2 1 2
0 4 1 1
cob=(4)
cfi=(192)
cfn=(798)
calls=1 0 
0 402 120 13
0 22 1 15 3 1 3 3 0 3
cob=(4)
cfi=(192)
cfn=(912) 0x00000000048fdd50
calls=1 0 
0 1355 366 207 7 9 3 7 1 3
0 4 1 1
cob=(4)
cfi=(192)
cfn=(798)
calls=1 0 
0 402 120 13 0 1 0 0 1
0 8 2 3 1 0 0 1
cob=(4)
cfi=(192)
cfn=(798)
calls=1 0 
0 402 120 13 0 1 0 0 1
0 8 2 3 1 2 0 1
cob=(4)
cfi=(192)
cfn=(798)
calls=1 0 
0 402 120 13
0 5 1 3 1 0 0 1
cob=(4)
cfi=(192)
cfn=(762)
calls=1 0 
0 22 7 2
0 18 4 5 1 1 0 1
cob=(4)
cfi=(192)
cfn=(798)
calls=1 0 
0 402 120 13
0 27 1 19 4 0 4 4 0 4
cob=(4)
cfi=(192)
cfn=(918) 0x00000000048ffee0
calls=1 0 
0 1213 336 162 8 10 0 8 3
0 4 1 1 0 1
cob=(4)
cfi=(192)
cfn=(798)
calls=1 0 
0 402 120 13
0 26 1 19 3 0 2 3 0 2
cob=(4)
cfi=(192)
cfn=(924) 0x00000000048fe170
calls=1 0 
0 1181 332 162 8 7 0 8
0 4 1 1 1 1 0 1
cob=(4)
cfi=(192)
cfn=(798)
calls=1 0 
0 402 120 13
0 8 2 3
cob=(4)
cfi=(192)
cfn=(798)
calls=1 0 
0 402 120 13
0 8 2 3 1 0 0 1
cob=(4)
cfi=(192)
cfn=(798)
calls=1 0 
0 402 120 13
0 34 0 28 4 0 6 4 0 6
cob=(4)
cfi=(192)
cfn=(930) 0x0000000004900550
calls=1 0 
0 2130 631 317 18 18 1 18 3 1
0 4 1 1 0 1
cob=(4)
cfi=(192)
cfn=(798)
calls=1 0 
0 402 120 13
0 8 2 3 1 1 0 1
cob=(4)
cfi=(192)
cfn=(798)
calls=1 0 
0 402 120 13
0 8 2 3 1 1 0 1
cob=(4)
cfi=(192)
cfn=(798)
calls=1 0 
0 402 120 13 0 1 0 0 1
0 3 0 1
cob=(4)
cfi=(192)
cfn=(942) 0x00000000048fdd90
calls=1 0 
0 819 269 144 4 6 1 4 0 1
0 4 1 1 0 1
cob=(4)
cfi=(192)
cfn=(798)
calls=1 0 
0 402 120 13
0 8 2 3 1 1 0 1
cob=(4)
cfi=(192)
cfn=(798)
calls=1 0 
0 402 120 13
0 8 2 3 1 1 0 1
cob=(4)
cfi=(192)
cfn=(798)
calls=1 0 
0 402 120 13
0 8 2 3 1 0 0 1
cob=(4)
cfi=(192)
cfn=(798)
calls=1 0 
0 402 120 13
0 8 2 3 1 0 0 1
cob=(4)
cfi=(192)
cfn=(798)
calls=1 0 
0 402 120 13
0 9 3 4
cfn=(948) 0x00000000000f63c0
calls=1 0 
0 9354 2864 1517 79 75 7 79 12 7
0 3 2 1
cob=(4)
cfi=(192)
cfn=(804)
calls=1 0 
0 8 3
0 5 2 2 1 0 0 1
cob=(4)
cfi=(192)
cfn=(804)
calls=1 0 
0 8 3
0 4 2 2
cob=(4)
cfi=(192)
cfn=(804)
calls=1 0 
0 8 3
0 5 2 2 1 0 0 1
cob=(4)
cfi=(192)
cfn=(804)
calls=1 0 
0 8 3
0 5 2 2
cob=(4)
cfi=(192)
cfn=(804)
calls=1 0 
0 8 3
0 4 2 2
cob=(4)
cfi=(192)
cfn=(804)
calls=1 0 
0 8 3
0 5 2 2 1 0 0 1
cob=(4)
cfi=(192)
cfn=(804)
calls=1 0 
0 8 3
0 4 2 2
cob=(4)
cfi=(192)
cfn=(804)
calls=1 0 
0 8 3
0 13 9 1 1 0 0 1

fn=(808) std::locale::id::_M_id() const
0 2418 806 96 2 14 0 2 7

fn=(838) std::__timepunct<char>::__timepunct(std::__timepunct_cache<char>*, unsigned long)
0 16 1 7 1 1 0 1
cob=(4)
cfi=(192)
cfn=(750)
calls=1 0 
0 5 2
0 4 0 2 1 0 0 1
cob=(4)
cfi=(192)
cfn=(840) 0x0000000004900030
calls=1 0 
0 1123 329 168 15 13 0 15 2
0 3 3

fn=(850) std::__cxx11::messages<char>::messages(unsigned long)
0 14 1 5 2 1 0 2
cob=(4)
cfi=(192)
cfn=(762)
calls=1 0 
0 22 7 2
0 2 0 2
cob=(4)
cfi=(192)
cfn=(750)
calls=1 0 
0 5 2
0 4 3 1

fn=(856) std::ctype<wchar_t>::ctype(unsigned long)
0 14 1 5 2 0 1 2 0 1
cob=(4)
cfi=(192)
cfn=(762)
calls=1 0 
0 22 7 2
0 6 2 2
cob=(4)
cfi=(192)
cfn=(858) 0x00000000048febc0
calls=1 0 
0 24523 6977 3389 46 82 20 44 22 20

fn=(890) std::ctype<wchar_t>::_M_convert_to_wmask(unsigned short) const
0 88 1 0 2 0 0 2
cob=(4)
cfi=(192)
cfn=(892) 0x00000000048fe690
calls=1 0 
0 505 97 25
0 24 1 0 1 0 0 1
cob=(4)
cfi=(192)
cfn=(892)
calls=1 0 
0 395 77 21 0 1 0 0 1
0 3 1
cob=(4)
cfi=(192)
cfn=(892)
calls=1 0 
0 560 107 27
0 9 1 0 1 0 0 1
cob=(4)
cfi=(192)
cfn=(892)
calls=1 0 
0 205 43 14 0 1 0 0 1
0 3 1
cob=(4)
cfi=(192)
cfn=(892)
calls=1 0 
0 150 33 12 1 1 0 1
0 3 1 0 1 0 0 1
cob=(4)
cfi=(192)
cfn=(892)
calls=1 0 
0 939 305 153 12 17 0 10 8
0 3 1 0 1 0 0 1
cob=(4)
cfi=(192)
cfn=(892)
calls=1 0 
0 260 53 16
0 7 3
cob=(4)
cfi=(192)
cfn=(892)
calls=1 0 
0 340 67 19 0 1 0 0 1
0 3 1
cob=(4)
cfi=(192)
cfn=(892)
calls=1 0 
0 195 39 14
0 3 1 0 1 0 0 1
cob=(4)
cfi=(192)
cfn=(892)
calls=1 0 
0 615 117 29

fn=(948)
0 23 4 11 2 0 2 2 0 2
cob=(4)
cfi=(192)
cfn=(950) 0x00000000048fe870
calls=1 0 
0 1351 422 208 7 9 0 7 2
0 8 4 3 1 0 0 1
cob=(4)
cfi=(192)
cfn=(804)
calls=1 0 
0 17 6 2
0 8 2 4 0 1
cob=(4)
cfi=(192)
cfn=(762)
calls=1 0 
0 22 7 2
0 8 3 4 1 0 0 1
cob=(4)
cfi=(192)
cfn=(804)
calls=1 0 
0 17 6 2
0 12 2 5 1 0 1 1 0 1
cob=(4)
cfi=(192)
cfn=(968) 0x00000000048fdb30
calls=1 0 
0 1114 333 162 7 9 0 7 3
0 7 3 3 1 0 0 1
cob=(4)
cfi=(192)
cfn=(804)
calls=1 0 
0 17 6 2
0 13 3 5 1 1 0 1
cob=(4)
cfi=(192)
cfn=(980) 0x0000000004901220
calls=1 0 
0 1130 335 162 7 9 0 7 1
0 7 3 3
cob=(4)
cfi=(192)
cfn=(804)
calls=1 0 
0 17 6 2
0 14 5 6 2 0 0 2
cob=(4)
cfi=(192)
cfn=(804)
calls=1 0 
0 17 6 2
0 14 5 6 1 0 0 1
cob=(4)
cfi=(192)
cfn=(804)
calls=1 0 
0 17 6 2
0 14 5 6 1 0 0 1
cob=(4)
cfi=(192)
cfn=(804)
calls=1 0 
0 17 6 2
0 6 1 2 1 0 0 1
cob=(4)
cfi=(192)
cfn=(1004) 0x00000000049016f0
calls=1 0 
0 765 263 144 4 7 1 4 1 1
0 7 3 3
cob=(4)
cfi=(192)
cfn=(804)
calls=1 0 
0 17 6 2
0 16 5 7 2 0 1 2 0 1
cob=(4)
cfi=(192)
cfn=(1016) 0x00000000048ff1d0
calls=1 0 
0 1293 359 207 7 6 0 7
0 7 3 3 0 1
cob=(4)
cfi=(192)
cfn=(804)
calls=1 0 
0 17 6 2
0 8 2 4 1 0 0 1
cob=(4)
cfi=(192)
cfn=(762)
calls=1 0 
0 22 7 2
0 8 3 4 1 1 0 1
cob=(4)
cfi=(192)
cfn=(804)
calls=1 0 
0 17 6 2
0 13 3 5 1 0 1 1 0 1
cob=(4)
cfi=(192)
cfn=(1034) 0x00000000048ff830
calls=1 0 
0 1143 328 162 8 9 0 8 1
0 7 3 3 0 1
cob=(4)
cfi=(192)
cfn=(804)
calls=1 0 
0 17 6 2
0 12 2 5 1 1 0 1
cob=(4)
cfi=(192)
cfn=(1046) 0x0000000004900420
calls=1 0 
0 1119 325 162 8 9 0 8 1
0 7 3 3 1 1 0 1
cob=(4)
cfi=(192)
cfn=(804)
calls=1 0 
0 17 6 2
0 14 5 6 1 1 0 1
cob=(4)
cfi=(192)
cfn=(804)
calls=1 0 
0 17 6 2
0 14 5 6 2 0 1 2 0 1
cob=(4)
cfi=(192)
cfn=(804)
calls=1 0 
0 17 6 2
0 14 5 6 1 0 0 1
cob=(4)
cfi=(192)
cfn=(804)
calls=1 0 
0 17 6 2
0 6 1 2 1 0 0 1
cob=(4)
cfi=(192)
cfn=(1070) 0x00000000048ffde0
calls=1 0 
0 765 263 144 4 9 0 4 3
0 6 3 2
cob=(4)
cfi=(192)
cfn=(804)
calls=1 0 
0 17 6 2
0 5 2 2
cob=(4)
cfi=(192)
cfn=(804)
calls=1 0 
0 8 3
0 4 2 2 1 0 0 1
cob=(4)
cfi=(192)
cfn=(804)
calls=1 0 
0 8 3
0 4 2 2
cob=(4)
cfi=(192)
cfn=(804)
calls=1 0 
0 8 3
0 5 3 2
cob=(4)
cfi=(192)
cfn=(804)
calls=1 0 
0 8 3
0 5 3 2 1 0 0 1
cob=(4)
cfi=(192)
cfn=(804)
calls=1 0 
0 8 3
0 5 3 2
cob=(4)
cfi=(192)
cfn=(804)
calls=1 0 
0 8 3
0 9 7 1 1 0 0 1

fn=(1050) std::moneypunct<wchar_t, true>::_M_initialize_moneypunct(__locale_struct*, char const*)
0 104 26 28 6 0 0 6

fn=(1144) std::ctype<char>::_M_widen_init() const
0 734 21 36 11 2 0 11 1
cob=(4)
cfi=(192)
cfn=(1146) 0x00000000049007c0
calls=1 0 
0 884 300 146 9 12 0 5 6
0 10 5 1

fn=(1294)
0 34 17 8 2 4 0 2 1

fn=(1338)
0 50 25 12 2 4 0 2 1

fn=(1732) std::__num_base::_S_format_float(std::ios_base const&, char*, char)
0 2560 160 320 8 0 0 4

fn=(1734)
0 2240 160 1360 5 0 2 2
cob=(4)
cfi=(192)
cfn=(864) 0x0000000004900170
calls=80 0 
0 1920 800 320 8 6
0 960 0 400 2 0 0 1
cob=(4)
cfi=(192)
cfn=(1740) 0x00000000048ffe00
calls=80 0 
0 116091 25216 17457 330 59 38 135 25
0 240 0 80
cob=(4)
cfi=(192)
cfn=(864)
calls=80 0 
0 1920 800 320 0 2
0 880 640 0 2 0 0 1

fn=(802) std::locale::_Impl::_M_install_facet(std::locale::id const*, std::locale::facet const*)
0 480 0 256 1 0 0 1
cob=(4)
cfi=(192)
cfn=(804)
calls=32 0 
0 1261 441 198 4 12 0 4 8
0 11776 3616 96 5 0 0 5

fn=(922) std::__cxx11::moneypunct<wchar_t, false>::_M_initialize_moneypunct(__locale_struct*, char const*)
0 104 26 28 6 0 0 6

fn=(1020) std::numpunct<wchar_t>::_M_initialize_numpunct(__locale_struct*)
0 350 72 73 5 0 0 5

fn=(1276)
0 34 17 8 2 2 0 2 1

fn=(1402) operator new(unsigned long)
0 192973 0 52629 7 0 1 2
cob=(4)
cfi=(192)
cfn=(1228)
calls=17543 0 
0 2605998 460579 300813 87 764 16526 28 3 1379
0 87715 52629

fn=(1616) std::__basic_file<char>::open(char const*, std::_Ios_Openmode, int)
0 27 0 12 1 0 0 1
cfn=(1618)
calls=3 0 
0 27 6 0 2 2 0 0 1
0 21 0 6 2 0 0 1
cob=(4)
cfi=(192)
cfn=(1606)
calls=3 0 
0 18 9
0 15 0 3
cob=(4)
cfi=(192)
cfn=(1624) 0x00000000048fe330
calls=3 0 
0 2689 708 542 93 42 21 43 6
0 36 15 6

fn=(1700) std::ostreambuf_iterator<char, std::char_traits<char> > std::num_put<char, std::ostreambuf_iterator<char, std::char_traits<char> > >::_M_insert_int<long>(std::ostreambuf_iterator<char, std::char_traits<char> >, std::ios_base&, char, long) const
0 1216 64 640 4 0 0 2
cfn=(1702)
calls=64 0 
0 1856 768 320 2 4 0 2
0 1856 64 384 4 0 0 2
cfn=(1708)
calls=64 0 
0 3081 237 173 4 2 0 2
0 1728 448 192 2 2 0 2
cfn=(1672)
calls=64 0 
0 6656 1792 1024 0 0 2
0 1152 576 0 2 0 0 2

fn=(728) 0x00000000000f2a00
0 9 1 2 2 0 0 2
cob=(4)
cfi=(192)
cfn=(738) 0x00000000048fe520
calls=1 0 
0 71862 21351 9513 339 436 101 336 92 94
0 9 1 2
cob=(4)
cfi=(192)
cfn=(1096) 0x00000000048fd860
calls=1 0 
0 742 254 135 2 7 1 2 1
0 272 135 0 4 5 0 1 1

fn=(786) std::locale::facet::_S_create_c_locale(__locale_struct*&, char const*, __locale_struct*)
0 8 0 3 2 0 0 2
cob=(4)
cfi=(192)
cfn=(788) 0x00000000048ff5d0
calls=1 0 
0 865 296 150 7 11 1 7 4
0 6 3 1

fn=(862) std::ctype<wchar_t>::_M_initialize_ctype()
0 11 1 6 1 0 0 1
cob=(4)
cfi=(192)
cfn=(864)
calls=1 0 
0 801 291 147 5 15 0 5 4
0 770 0 256 1 0 2 1 0 2
cob=(4)
cfi=(192)
cfn=(870) 0x00000000048ff170
calls=128 0 
0 3597 1062 406 4 16 0 4 4
0 262 0 2
cob=(4)
cfi=(192)
cfn=(876) 0x0000000004900d50
calls=1 0 
0 812 285 146 5 10 0 5 1
0 510 0 255
cob=(4)
cfi=(192)
cfn=(876)
calls=255 0 
0 10600 3833 1277 3 6 0 3
0 1085 0 272 1 0 16 1 0 16
cob=(4)
cfi=(192)
cfn=(886) 0x00000000048ff040
calls=8 0 
0 3406 898 383 21 28 0 19 13
0 76 0 16 0 0 1 0 0 1
cob=(4)
cfi=(192)
cfn=(886)
calls=4 0 
0 1745 329 81 1 0 0 1
0 23 5 4 0 0 1 0 0 1
cob=(4)
cfi=(192)
cfn=(864)
calls=1 0 
0 24 10 4 0 1
0 2 0 0 2 0 0 2

fn=(928) std::__cxx11::moneypunct<wchar_t, true>::_M_initialize_moneypunct(__locale_struct*, char const*)
0 104 26 28 6 0 0 6

fn=(940) std::__timepunct<wchar_t>::_M_initialize_timepunct(__locale_struct*)
0 20 4 6 4 0 0 4
cob=(4)
cfi=(192)
cfn=(762)
calls=1 0 
0 22 7 2
0 110 27 25 10 3 0 10

fn=(946) std::__cxx11::messages<wchar_t>::messages(unsigned long)
0 14 1 5 2 0 1 2 0 1
cob=(4)
cfi=(192)
cfn=(762)
calls=1 0 
0 22 7 2
0 2 0 2
cob=(4)
cfi=(192)
cfn=(750)
calls=1 0 
0 5 2
0 4 3 1

fn=(1120) std::ios_base::_M_init()
0 182 28 84 5 3 2 2 1
cob=(4)
cfi=(192)
cfn=(722)
calls=14 0 
0 378 140 70
0 42 0 14
cob=(4)
cfi=(192)
cfn=(1122) 0x00000000048ffb20
calls=14 0 
0 921 329 148 9 9 0 4 1
0 28 0 14
cob=(4)
cfi=(192)
cfn=(1128)
calls=14 0 
0 821 302 134 2 5 0 1
0 84 70 0 1 0 0 1

fn=(1132) std::locale::~locale()
0 120 60 0 5 0 0 1

fn=(1412) std::__cxx11::basic_string<char, std::char_traits<char>, std::allocator<char> >::_M_create(unsigned long&, unsigned long)
0 212 17 0 2 0 0 1
cob=(4)
cfi=(192)
cfn=(1398)
calls=9 0 
0 1154 204 124 7 16 5 0 0 1
0 24 0 8 3 0 0 1
cob=(4)
cfi=(192)
cfn=(1398)
calls=8 0 
0 923 186 134 6 8 12 3

fn=(1522) operator delete[](void*)
0 35052 0 0 1 0 0 1
cob=(4)
cfi=(192)
cfn=(1524)
calls=17526 0 
0 3054611 919886 502605 55 15397 131 33 2 12

fn=(1610) std::__basic_file<char>::is_open() const
0 84 42

fn=(1814) std::basic_filebuf<char, std::char_traits<char> >::_M_convert_to_external(char*, long)
0 57 12 24 3 0 0 2
cfn=(1674)
calls=3 0 
0 9 3
0 18 0 3 3 0 0 1
cob=(4)
cfi=(192)
cfn=(1816) 0x00000000048fecf0
calls=3 0 
0 3420 1149 594 36 42 0 11 11
0 39 27 0 3 0 0 1

fn=(1894) std::ios_base::_M_call_callbacks(std::ios_base::event)
0 33 12 6 3 0 0 2

fn=(1668) operator delete(void*, unsigned long)
0 24
cob=(4)
cfi=(192)
cfn=(1524)
calls=12 0 
0 468 132 48

fn=(1692) std::ostream& std::ostream::_M_insert<long>(long)
0 1024 64 512 2 0 0 2
cob=(4)
cfi=(192)
cfn=(1428)
calls=64 0 
0 1088 384 192
0 1344 576 64 3 2 0 1
cfn=(1694)
calls=64 0 
0 19053 4341 2867 22 18 2 15
0 1280 832 0 2 0 0 1

fn=(1702)
0 1296 144 720 1 2 0 1
cob=(4)
cfi=(192)
cfn=(804)
calls=144 0 
0 1152 432
0 1728 1152 0 1 2 0 1

fn=(1718) std::ostream& std::ostream::_M_insert<double>(double)
0 1200 80 560 6 0 0 2
cob=(4)
cfi=(192)
cfn=(1428)
calls=80 0 
0 1360 480 240
0 1680 720 80 1 2 0 1
cfn=(1720)
calls=80 0 
0 157411 36029 25071 414 101 50 166 35
0 1520 960 0 3 0 0 1

fn=(1920) std::__cxx11::basic_string<char, std::char_traits<char>, std::allocator<char> >::_M_dispose()
0 7 1
cob=(4)
cfi=(192)
cfn=(1524)
calls=1 0 
0 39 11 4

fn=(2038)
0 15 5 0 0 2
cob=(4)
cfi=(192)
cfn=(1472)
calls=5 0 
0 355 125 55

fn=(766) std::locale::facet::_S_get_c_locale()
0 564 0 188 7 0 0 2
cob=(4)
cfi=(192)
cfn=(768) 0x00000000048fe8b0
calls=94 0 
0 3611 1212 466 24 42 3 22 15
0 564 282

fn=(984) std::moneypunct<char, true>::_M_initialize_moneypunct(__locale_struct*, char const*)
0 107 35 28 5 0 0 5

fn=(1008) std::messages<char>::messages(unsigned long)
0 14 1 5 2 0 1 2 0 1
cob=(4)
cfi=(192)
cfn=(762)
calls=1 0 
0 22 7 2
0 2 0 2
cob=(4)
cfi=(192)
cfn=(750)
calls=1 0 
0 5 2
0 4 3 1

fn=(1114) std::basic_ios<char, std::char_traits<char> >::init(std::basic_streambuf<char, std::char_traits<char> >*)
0 90 0 40 2 0 0 1
cob=(4)
cfi=(192)
cfn=(1116)
calls=10 0 
0 2901 1021 542 21 27 2 10 5
0 30 0 10 2 0 0 1
cob=(4)
cfi=(192)
cfn=(1134) 0x0000000004900af0
calls=10 0 
0 1568 554 224 15 29 0 5 3
0 221 69 62 2 2 0 1
cob=(4)
cfi=(192)
cfn=(1140) 0x00000000048ff100
calls=1 0 
0 2411 586 317 22 25 0 18 7
0 6 4 0 1 0 0 1

fn=(1174)
0 5 0 0 1 0 0 1
cob=(4)
cfi=(192)
cfn=(1166)
calls=1 0 
0 75 14 15

fn=(1176)
0 12 1 0 3 0 0 3

fn=(1274)
0 47 9 28 6 2 6 6 2 6

fn=(1484) std::basic_ostream<char, std::char_traits<char> >& std::__ostream_insert<char, std::char_traits<char> >(std::basic_ostream<char, std::char_traits<char> >&, char const*, long)
0 3060 180 1620 1 0 0 1
cob=(4)
cfi=(192)
cfn=(1428)
calls=180 0 
0 3060 1080 540 1 2
0 5760 3780 360 5 0 0 4
cfn=(1672)
calls=178 0 
0 19177 5196 2882 37 25 10 17 6
cfn=(1486)
calls=2 0 
0 1320 401 189 40 14 0 19 2
0 900 360

fn=(1980)
0 9 3 2 2 3
cob=(4)
cfi=(192)
cfn=(1986) 0x00000000048fd3a0
calls=1 0 
0 7170 2486 1214 90 151 7 31 11
0 1 0 1
cfn=(2042)
calls=1 0 
0 5 1 0 2
0 3 2 1

fn=(1988)
0 4 0 1 1 0 1 1
cob=(4)
cfi=(192)
cfn=(1990)
calls=1 0 
0 798 266 141 42 30 4 1

fn=(1998)
0 5 2 0 1 1 0 1 1

fn=(2002)
0 14 4 3 2 1 0 2
cob=(4)
cfi=(192)
cfn=(2004) 0x00000000048ff9e0
calls=1 0 
0 825 297 154 20 21 0 2
0 2 1 1
cob=(4)
cfi=(192)
cfn=(2004)
calls=1 0 
0 2705 973 484 10 62 2 10 6
0 2 1 1 0 1
cob=(4)
cfi=(192)
cfn=(2004)
calls=1 0 
0 133 53 20 0 2
0 2 1 1 0 1
cob=(4)
cfi=(192)
cfn=(2026) 0x0000000004900b50
calls=1 0 
0 1929 612 288 10 23 0 10 4
0 2 1 1 1 1 0 1
cob=(4)
cfi=(192)
cfn=(2026)
calls=1 0 
0 414 162 65 1 5 0 1
0 2 1 1 0 1
cob=(4)
cfi=(192)
cfn=(2026)
calls=1 0 
0 133 53 20 0 2
0 2 2

fn=(720) std::ios_base::Init::Init()
0 52 9 18 5 6 3 5 1
cob=(4)
cfi=(192)
cfn=(722)
calls=1 0 
0 73326 21858 9791 349 455 106 346 96 95
0 15 5 8 1 1 1 1
cob=(4)
cfi=(192)
cfn=(722)
calls=1 0 
0 27 10 5
0 13 4 8 2 0 2 2
cob=(4)
cfi=(192)
cfn=(722)
calls=1 0 
0 27 10 5
0 6 1 4
cob=(4)
cfi=(192)
cfn=(1104) 0x00000000048fe410
calls=1 0 
0 770 255 163 5 8 4 5
0 11 2 6 1 1 1 1
cob=(4)
cfi=(192)
cfn=(1110) 0x0000000004900880
calls=1 0 
0 6736 1986 1023 42 58 0 38 15
0 3 1 1 1 0 0 1
cob=(4)
cfi=(192)
cfn=(1104)
calls=1 0 
0 89 12 29 0 0 4 0 0 3
0 15 1 8 1 0 0 1
cob=(4)
cfi=(192)
cfn=(1110)
calls=1 0 
0 171 62 34
0 3 1 1 0 1
cob=(4)
cfi=(192)
cfn=(1104)
calls=1 0 
0 89 12 29 0 0 4 0 0 4
0 11 1 6 1 0 1 1 0 1
cob=(4)
cfi=(192)
cfn=(1110)
calls=1 0 
0 171 62 34
0 4 1 2 1 1 0 1
cob=(4)
cfi=(192)
cfn=(1104)
calls=1 0 
0 89 12 29 0 0 4 0 0 4
0 11 2 6 1 0 0 1
cob=(4)
cfi=(192)
cfn=(1110)
calls=1 0 
0 171 62 34
0 14 3 9 1 0 1 1
cob=(4)
cfi=(192)
cfn=(722)
calls=1 0 
0 27 10 5
0 15 5 8 2 0 3 2
cob=(4)
cfi=(192)
cfn=(722)
calls=1 0 
0 27 10 5
0 13 4 8 1 0 1 1
cob=(4)
cfi=(192)
cfn=(722)
calls=1 0 
0 27 10 5
0 6 1 4 1 0 0 1
cob=(4)
cfi=(192)
cfn=(1104)
calls=1 0 
0 89 12 29 0 0 4 0 0 4
0 11 2 7 1 0 1 1 0 1
cob=(4)
cfi=(192)
cfn=(1150) 0x00000000048ffcc0
calls=1 0 
0 2149 653 303 11 19 0 11 4
0 3 1 1
cob=(4)
cfi=(192)
cfn=(1104)
calls=1 0 
0 89 12 29 0 0 4 0 0 4
0 15 1 9 2 0 0 2
cob=(4)
cfi=(192)
cfn=(1150)
calls=1 0 
0 173 64 35
0 3 1 1
cob=(4)
cfi=(192)
cfn=(1104)
calls=1 0 
0 89 12 29 0 0 4 0 0 4
0 11 1 7 1 0 1 1 0 1
cob=(4)
cfi=(192)
cfn=(1150)
calls=1 0 
0 173 64 35
0 4 1 2 1 0 0 1
cob=(4)
cfi=(192)
cfn=(1104)
calls=1 0 
0 89 12 29 0 0 4 0 0 1
0 11 2 7 1 0 0 1
cob=(4)
cfi=(192)
cfn=(1150)
calls=1 0 
0 173 64 35
0 14 9 4 1 1 0 1

fn=(726) std::locale::locale()
0 272 0 136 2 0 3 1 0 1
cfn=(728)
calls=34 0 
0 72894 21742 9652 347 448 102 341 94 94
0 306 170 34 4 1 1 2

fn=(826) std::__cxx11::moneypunct<char, false>::_M_initialize_moneypunct(__locale_struct*, char const*)
0 107 35 28 4 2 0 4 1

fn=(832) std::__cxx11::moneypunct<char, true>::_M_initialize_moneypunct(__locale_struct*, char const*)
0 107 35 28 4 0 0 4

fn=(1138) std::basic_ios<char, std::char_traits<char> >::_M_cache_locale(std::locale const&)
0 90 10 40 3 2 0 1
cob=(4)
cfi=(192)
cfn=(804)
calls=10 0 
0 80 30 0 1 4
0 70 40 20 3 6 0 1
cob=(4)
cfi=(192)
cfn=(804)
calls=10 0 
0 80 30 0 0 2
0 70 40 20 3 4 0 1
cob=(4)
cfi=(192)
cfn=(804)
calls=10 0 
0 80 30
0 90 70 10

fn=(1182)
0 6 0 3 1 0 1 1
cob=(4)
cfi=(192)
cfn=(1184) 0x00000000048ff1f0
calls=1 0 
0 732 253 135 1 10 0 1 1
0 6 0 2 1 0 0 1
cob=(4)
cfi=(192)
cfn=(1166)
calls=1 0 
0 75 14 15 0 0 1 0 0 1
0 3 0 2
cob=(4)
cfi=(192)
cfn=(1184)
calls=1 0 
0 7 3 1
0 7 1 1 1 0 0 1
cob=(4)
cfi=(192)
cfn=(1166)
calls=1 0 
0 75 14 15

fn=(1198)
0 4 0 2
cob=(4)
cfi=(192)
cfn=(1200) 0x00000000048fe670
calls=1 0 
0 726 251 134 3 7 0 3
0 4 3 1

fn=(1204) std::future_category()
0 3 1 0 1 0 0 1

fn=(1432) std::ostream::sentry::sentry(std::ostream&)
0 3694 1340 674 4 1 0 2
cob=(4)
cfi=(192)
cfn=(2005) 0x00000000048ff9e0'2
calls=1 0 
0 133 53 20
0 1347 341 335 1 0 0 1

fn=(1433) std::ostream::sentry::sentry(std::ostream&)'2
0 15 5 3

fn=(1434)
0 28 4 0 2 0 0 1
cob=(4)
cfi=(192)
cfn=(1436) 0x00000000048ffcd0
calls=4 0 
0 1903 542 299 53 24 3 36 8 1

fn=(1576) std::__basic_file<char>::__basic_file(pthread_mutex_t*)
0 12 3 6 1 0 2 1

fn=(1580) std::__cxx11::basic_string<char, std::char_traits<char>, std::allocator<char> >::reserve(unsigned long)
0 128 16 48 5 0 0 2
cob=(4)
cfi=(192)
cfn=(1582)
calls=8 0 
0 1845 456 227 10 17 1 2
0 176 80 24 3 0 0 2

fn=(1672)
0 5474 1288 1932 4 4 0 2
cfn=(1674)
calls=322 0 
0 966 322 0 1 0 0 1
0 7096 2901 0 4 0 0 2
cob=(4)
cfi=(192)
cfn=(1676) 0x00000000048ffb70
calls=322 0 
0 20253 4717 3254 28 21 19 12 6

fn=(1802) std::basic_filebuf<char, std::char_traits<char> >::close()
0 48 0 18 2 0 0 1
cob=(4)
cfi=(192)
cfn=(1606)
calls=6 0 
0 36 18 0 2
0 18 0 3
cob=(4)
cfi=(192)
cfn=(1804) 0x00000000048fed60
calls=3 0 
0 5797 1877 940 66 59 0 24 16
0 18 0 12 3 0 0 1
cob=(4)
cfi=(192)
cfn=(1838) 0x00000000048fefa0
calls=3 0 
0 1561 459 215 29 10 0 4 2
0 45 6 24 1 0 0 1
cob=(4)
cfi=(192)
cfn=(1846)
calls=3 0 
0 3054 969 541 122 36 0 42 4
0 39 21 0 3 0 0 1

ob=(5)
fl=(198)
fn=(1962)
0 9 3 2 1 2
cob=(4)
cfi=(192)
cfn=(1968) 0x000000000484a030
calls=1 0 
0 97 23 12 1
0 1 0 1
cfn=(1972) 0x0000000000001060
calls=1 0 
0 5 1 0 2 0 0 1
0 3 2 1 1

fn=(662)
0 12 1 0 3 0 0 3

fn=(1972)
0 5 1 0 2 0 0 1

ob=(4)
fl=(192)
fn=(902)
0 98 49 0 1 1 0 1
cob=(2)
cfi=(221)
cfn=(904)
calls=49 73 
0 1048 225 0 3 0 0 3

fn=(1104)
0 16 8 0 1 1 0 1
cob=(7)
cfi=(206)
cfn=(1108)
calls=8 0 
0 696 88 232 3 0 32 3 0 24
cob=(1)
cfi=(207)
cfn=(714)
calls=1 39 
0 676 241 132 0 7
0 5 2 2 1 0 0 1

fn=(1110)
0 8 4
cob=(7)
cfi=(206)
cfn=(1114)
calls=4 0 
0 6213 1868 991 41 53 0 37 15
cob=(1)
cfi=(207)
cfn=(714)
calls=1 39 
0 1023 298 132 0 5
0 5 2 2 1 0 0 1

fn=(1150)
0 8 4 0 1 1 0 1
cob=(7)
cfi=(206)
cfn=(1154)
calls=4 0 
0 1672 546 274 9 10 0 9 2
cob=(1)
cfi=(207)
cfn=(714)
calls=1 39 
0 983 293 132 0 8 0 0 2
0 5 2 2 1 0 0 1

fn=(1520)
0 35046 17523 0 1 40 0 1
cob=(7)
cfi=(206)
cfn=(1522)
calls=17523 0 
0 3089210 919751 502548 37 15397 131 34 2 12

fn=(1560)
0 6 3 0 0 2
cob=(7)
cfi=(206)
cfn=(1108)
calls=3 0 
0 261 33 87 15 8 5

fn=(1596)
0 8 4 0 3 2 0 1
cob=(7)
cfi=(206)
cfn=(1600)
calls=4 0 
0 1247 285 206 20 6 13 10
cob=(1)
cfi=(207)
cfn=(714)
calls=1 39 
0 1033 297 132 0 8 0 0 1
0 5 2 2 1 0 0 1

fn=(1606)
0 42 21 0 3 2 0 1
cob=(7)
cfi=(206)
cfn=(1610)
calls=21 0 
0 84 42
cob=(1)
cfi=(207)
cfn=(714)
calls=1 39 
0 845 271 139 0 7 0 0 1
0 5 2 2 1 0 0 1

fn=(1696)
0 128 64 0 2 2 0 1
cob=(7)
cfi=(206)
cfn=(1700)
calls=64 0 
0 17545 3949 2733 18 8 2 12
cob=(1)
cfi=(207)
cfn=(714)
calls=1 39 
0 1183 326 132 0 8
0 5 2 2 1 0 0 1

fn=(1838)
0 6 3 0 3 2 0 1
cob=(7)
cfi=(206)
cfn=(1842)
calls=3 0 
0 531 156 81 25 2 0 2
cob=(1)
cfi=(207)
cfn=(714)
calls=1 39 
0 1019 298 132 0 6 0 0 2
0 5 2 2 1 0 0 1

fn=(1844)
0 6 3 0 3 2 0 1
cob=(7)
cfi=(206)
cfn=(1522)
calls=3 0 
0 453 135 57 19

fn=(1852)
0 6 3 0 3 2 0 1
cob=(2)
cfi=(285)
cfn=(1856)
calls=3 34 
0 1401 402 246 109 13 0 36
cob=(1)
cfi=(207)
cfn=(714)
calls=1 39 
0 780 275 141 0 11 0 0 3
0 5 2 2 1 0 0 1

fn=(1884)
0 6 3
cob=(7)
cfi=(206)
cfn=(1132)
calls=3 0 
0 18 9 0 3

fn=(1990)
0 4 2 0 1 1
cob=(7)
cfi=(206)
cfn=(1994)
calls=2 0 
0 4 2
cob=(1)
cfi=(207)
cfn=(714)
calls=1 39 
0 789 262 139 39 28 4
0 5 2 2 2 1 0 1

fn=(2026)
0 6 3 0 1 1 0 1
cob=(7)
cfi=(206)
cfn=(2030)
calls=3 0 
0 1594 548 239 9 22 0 9 2
cob=(1)
cfi=(207)
cfn=(714)
calls=1 39 
0 871 274 132 0 7 0 0 2
0 5 2 2 1 0 0 1

fn=(2027)
0 2 1
cob=(7)
cfi=(206)
cfn=(2031)
calls=1 0 
0 131 52 20

fn=(744)
0 4 2 0 1 1 0 1
cob=(2)
cfi=(209)
cfn=(748)
calls=2 198 
0 72 4 24 3 1 13 3 0 13
cob=(1)
cfi=(207)
cfn=(714)
calls=1 39 
0 902 294 151 3 10 2 2 2
0 5 2 2 1 0 0 1

fn=(628)
0 28 14 0 1 1 0 1
cob=(1)
cfi=(11)
cfn=(28)
calls=14 435 
0 242 56 14 0 27 0 0 20

fn=(782)
0 2 1 0 1 1 0 1
cob=(7)
cfi=(206)
cfn=(786)
calls=1 0 
0 879 299 154 9 11 1 9 4
cob=(1)
cfi=(207)
cfn=(714)
calls=1 39 
0 968 289 132 0 7 2 0 2
0 5 2 2 1 0 0 1

fn=(846)
0 2 1 0 1 1 0 1
cob=(7)
cfi=(206)
cfn=(850)
calls=1 0 
0 47 13 10 2 1 0 2
cob=(1)
cfi=(207)
cfn=(714)
calls=1 39 
0 765 253 132 0 7
0 5 2 2 1 0 0 1

fn=(852)
0 2 1 0 1 1 0 1
cob=(7)
cfi=(206)
cfn=(856)
calls=1 0 
0 24565 6987 3398 48 82 21 46 22 21
cob=(1)
cfi=(207)
cfn=(714)
calls=1 39 
0 684 242 132 0 7 0 0 3
0 5 2 2 1 0 0 1

fn=(876)
0 512 256 0 1 1 0 1
cob=(2)
cfi=(216)
cfn=(880)
calls=256 32 
0 10112 3584 1280 6 6 0 6
cob=(1)
cfi=(207)
cfn=(714)
calls=1 39 
0 783 276 141 0 9 0 0 1
0 5 2 2 1 0 0 1

fn=(980)
0 2 1 0 1 1 0 1
cob=(7)
cfi=(206)
cfn=(984)
calls=1 0 
0 107 35 28 5 0 0 5
cob=(1)
cfi=(207)
cfn=(714)
calls=1 39 
0 1016 297 132 0 8 0 0 1
0 5 2 2 1 0 0 1

fn=(1034)
0 2 1 0 1 1 0 1
cob=(7)
cfi=(206)
cfn=(1038)
calls=1 0 
0 104 26 28 6 0 0 6
cob=(1)
cfi=(207)
cfn=(714)
calls=1 39 
0 1032 299 132 0 8 0 0 1
0 5 2 2 1 0 0 1

fn=(1122)
0 28 14 0 2 3 0 1
cob=(7)
cfi=(206)
cfn=(1126)
calls=14 0 
0 196 70 14 6 0 0 2
cob=(1)
cfi=(207)
cfn=(714)
calls=1 39 
0 692 243 132 0 6 0 0 1
0 5 2 2 1 0 0 1

fn=(1128)
0 34 17 0 1 2
cob=(7)
cfi=(206)
cfn=(1132)
calls=17 0 
0 102 51 0 2 0 0 1
cob=(1)
cfi=(207)
cfn=(714)
calls=1 39 
0 704 244 132 0 3
0 5 2 2

fn=(1134)
0 20 10 0 4 3 0 1
cob=(7)
cfi=(206)
cfn=(1138)
calls=10 0 
0 560 250 90 10 18 0 3
cob=(1)
cfi=(207)
cfn=(714)
calls=1 39 
0 983 292 132 0 8 0 0 3
0 5 2 2 1 0 0 1

fn=(1184)
0 4 2
cob=(7)
cfi=(206)
cfn=(1188)
calls=2 0 
0 10 4 2 1 1 0 1
cob=(1)
cfi=(207)
cfn=(714)
calls=1 39 
0 720 248 132 0 9 0 0 1
0 5 2 2

fn=(1200)
0 2 1 0 1 0 0 1
cob=(7)
cfi=(206)
cfn=(1204)
calls=1 0 
0 3 1 0 1 0 0 1
cob=(1)
cfi=(207)
cfn=(714)
calls=1 39 
0 716 247 132 0 7
0 5 2 2 1 0 0 1

fn=(1218)
0 4 2 0 1 1 0 1
cob=(2)
cfi=(225)
cfn=(1220)
calls=2 206 
0 50 10 0 2 2 0 2

fn=(1436)
0 8 4 0 1 1
cob=(2)
cfi=(242)
cfn=(1440)
calls=4 25 
0 1066 258 156 51 12 3 35 2 1
cob=(1)
cfi=(207)
cfn=(714)
calls=1 39 
0 824 278 141 0 11 0 0 6
0 5 2 2 1 0 0 1

fn=(1498)
0 4 2 0 2 2 0 1
cob=(2)
cfi=(239)
cfn=(1500)
calls=2 242 
0 26 6 4 2 0 0 1

fn=(1502)
0 3896000 1948000
cob=(2)
cfi=(252)
cfn=(1504)
calls=1948000 26 
0 103181162 33116000 17532000 14 201 0 7 2

fn=(1568)
0 6 3
cob=(7)
cfi=(206)
cfn=(1570)
calls=3 0 
0 1130 343 236 23 47 30 9 2

fn=(1588)
0 40 20 0 1 0 0 1
cob=(7)
cfi=(206)
cfn=(1590)
calls=20 0 
0 4125 1133 648 43 57 13 17 3

fn=(1684)
0 128 64
cob=(7)
cfi=(206)
cfn=(1686)
calls=64 0 
0 25337 6703 3769 34 31 2 22 1

fn=(1688)
0 128 64 0 1 2 0 1
cob=(7)
cfi=(206)
cfn=(1692)
calls=64 0 
0 23789 6197 3635 29 20 2 19
cob=(1)
cfi=(207)
cfn=(714)
calls=1 39 
0 711 248 132 0 9 0 0 1
0 5 2 2 1 0 0 1

fn=(2078)
0 4 1 0 2 0 0 2

fn=(756)
0 2 1 0 1 1 0 1
cob=(7)
cfi=(206)
cfn=(760)
calls=1 0 
0 3810 1212 648 31 47 13 31 16 9
cob=(1)
cfi=(207)
cfn=(714)
calls=1 39 
0 700 245 132 0 8 0 0 1
0 5 2 2 1 0 0 1

fn=(672)
0 2 1 0 1 1 0 1
cob=(2)
cfi=(201)
cfn=(674)
calls=1 53 
0 22 2 0 2 1 0 2

fn=(822)
0 2 1 0 1 1 0 1
cob=(7)
cfi=(206)
cfn=(826)
calls=1 0 
0 107 35 28 4 2 0 4 1
cob=(1)
cfi=(207)
cfn=(714)
calls=1 39 
0 1086 305 132 0 8 0 0 2
0 5 2 2 1 0 0 1

fn=(828)
0 2 1 0 1 1 0 1
cob=(7)
cfi=(206)
cfn=(832)
calls=1 0 
0 107 35 28 4 0 0 4
cob=(1)
cfi=(207)
cfn=(714)
calls=1 39 
0 1094 306 132 0 6 0 0 2
0 5 2 2 1 0 0 1

fn=(886)
0 24 12 0 1 1 0 1
cob=(7)
cfi=(206)
cfn=(890)
calls=12 0 
0 4310 950 330 20 21 0 18 11
cob=(1)
cfi=(207)
cfn=(714)
calls=1 39 
0 812 263 132 0 6 0 0 2
0 5 2 2 1 0 0 1

fn=(892)
0 20 10 0 1 1 0 1
cob=(2)
cfi=(219)
cfn=(896)
calls=10 26 
0 3300 646 187 9 11 0 9 5
cob=(1)
cfi=(207)
cfn=(714)
calls=1 39 
0 839 280 141 2 9 0 0 6
0 5 2 2 1 0 0 1

fn=(1116)
0 28 14 0 3 3 0 1
cob=(7)
cfi=(206)
cfn=(1120)
calls=14 0 
0 2456 869 464 17 17 2 8 2
cob=(1)
cfi=(207)
cfn=(714)
calls=1 39 
0 720 248 132 0 7 0 0 3
0 5 2 2 1 0 0 1

fn=(1380)
0 2 1 0 1 1 0 1
cob=(1)
cfi=(51)
cfn=(1382)
calls=1 118 
0 5 2 0 1 1 0 1

fn=(1518)
0 11600 5800
cob=(2)
cfi=(209)
cfn=(748)
calls=5800 198 
0 533740 11600 255280 6 40 121716 0 0 21355

fn=(1572)
0 6 3 0 3 2 0 1
cob=(7)
cfi=(206)
cfn=(1576)
calls=3 0 
0 12 3 6 1 0 2 1
cob=(1)
cfi=(207)
cfn=(714)
calls=1 39 
0 852 269 132 0 36 24 0 2
0 5 2 2 1 1 0 1

fn=(1650)
0 6 3 0 1 2
cob=(2)
cfi=(264)
cfn=(1652)
calls=3 53 
0 63 9 0 4 2 0 2 1

fn=(1716)
0 160 80
cob=(7)
cfi=(206)
cfn=(1718)
calls=80 0 
0 163171 38269 25951 424 103 50 170 35

fn=(1800)
0 12 6 0 0 2
cob=(7)
cfi=(206)
cfn=(1802)
calls=6 0 
0 10616 3350 1753 228 105 0 74 22

fn=(1816)
0 6 3 0 3 2 0 1
cob=(7)
cfi=(206)
cfn=(1820)
calls=3 0 
0 2621 885 460 32 32 0 9 9
cob=(1)
cfi=(207)
cfn=(714)
calls=1 39 
0 788 259 132 0 8 0 0 2
0 5 2 2 1 0 0 1

fn=(1878)
0 6 3
cob=(7)
cfi=(206)
cfn=(1880)
calls=3 0 
0 84 27 15

fn=(1978)
0 4 1 0 1 0 0 1

fn=(2014)
0 4 2 0 1 0 0 1
cob=(7)
cfi=(206)
cfn=(2018)
calls=2 0 
0 917 337 155 5 36 0 5 1
cob=(1)
cfi=(207)
cfn=(714)
calls=1 39 
0 688 242 132 0 9 0 0 2
0 5 2 2 1 0 0 1

fn=(798)
0 64 32 0 1 1 0 1
cob=(7)
cfi=(206)
cfn=(802)
calls=32 0 
0 13517 4057 550 10 12 0 10 8
cob=(1)
cfi=(207)
cfn=(714)
calls=1 39 
0 940 284 132 0 6 0 0 3
0 5 2 2 1 0 0 1

fn=(864)
0 324 162 0 3 2 0 1
cob=(2)
cfi=(214)
cfn=(868)
calls=162 30 
0 3564 1458 648 9 9 0 3
cob=(1)
cfi=(207)
cfn=(714)
calls=1 39 
0 772 279 141 0 13 0 0 4
0 5 2 2 1 0 0 1

fn=(870)
0 256 128 0 1 1 0 1
cob=(2)
cfi=(215)
cfn=(874)
calls=128 30 
0 2432 640 256 2 0 0 2
cob=(1)
cfi=(207)
cfn=(714)
calls=1 39 
0 904 292 148 0 15 0 0 4
0 5 2 2 1 0 0 1

fn=(942)
0 2 1 0 1 0 0 1
cob=(7)
cfi=(206)
cfn=(946)
calls=1 0 
0 47 13 10 2 0 1 2 0 1
cob=(1)
cfi=(207)
cfn=(714)
calls=1 39 
0 765 253 132 0 6
0 5 2 2 1 0 0 1

fn=(968)
0 2 1 0 1 1 0 1
cob=(7)
cfi=(206)
cfn=(972)
calls=1 0 
0 107 35 28 5 0 0 5
cob=(1)
cfi=(207)
cfn=(714)
calls=1 39 
0 1000 295 132 0 8 0 0 3
0 5 2 2 1 0 0 1

fn=(1096)
0 2 1 0 1 0 0 1
cob=(7)
cfi=(206)
cfn=(1100)
calls=1 0 
0 3 1 1 1 0 1 1
cob=(1)
cfi=(207)
cfn=(714)
calls=1 39 
0 732 250 132 0 7 0 0 1
0 5 2 2

fn=(1414)
0 10 5 0 2 3 0 1
cob=(2)
cfi=(239)
cfn=(1416)
calls=5 255 
0 55 15 10 2 3 1 2 1

fn=(1424)
0 8 4 0 1 0 0 1
cob=(7)
cfi=(206)
cfn=(1426)
calls=4 0 
0 2871 894 469 68 33 4 46 10 1

fn=(1428)
0 670 335 0 1 3 0 1
cob=(7)
cfi=(206)
cfn=(1432)
calls=335 0 
0 5174 1734 1029 5 1 0 3
cob=(1)
cfi=(207)
cfn=(714)
calls=1 39 
0 707 246 132 0 4 1 0 2
0 5 2 2 1 0 0 1

fn=(1429)
0 2 1
cob=(7)
cfi=(206)
cfn=(1433)
calls=1 0 
0 15 5 3

fn=(1482)
0 360 180 0 1 1 0 1
cob=(7)
cfi=(206)
cfn=(1484)
calls=180 0 
0 33277 10997 5591 84 41 10 41 8

fn=(1488)
0 4 2 0 2 2 0 1
cob=(2)
cfi=(251)
cfn=(1492)
calls=2 31 
0 479 117 46 30 2 0 15
cob=(1)
cfi=(207)
cfn=(714)
calls=1 39 
0 822 278 141 3 10 0 0 2
0 5 2 2 1 0 0 1

fn=(1578)
0 16 8 0 2 2 0 1
cob=(7)
cfi=(206)
cfn=(1580)
calls=8 0 
0 2149 552 299 18 17 1 6

fn=(1582)
0 24 12 0 3 2 0 1
cob=(7)
cfi=(206)
cfn=(1412)
calls=12 0 
0 1438 267 183 11 9 13 4
cob=(1)
cfi=(207)
cfn=(714)
calls=1 39 
0 1001 292 132 0 11
0 5 2 2 1 0 0 1

fn=(1804)
0 6 3 0 2 0 0 1
cob=(7)
cfi=(206)
cfn=(1808)
calls=3 0 
0 4827 1583 806 61 51 0 22 14
cob=(1)
cfi=(207)
cfn=(714)
calls=1 39 
0 959 289 132 2 8 0 0 2
0 5 2 2 1 0 0 1

fn=(1890)
0 6 3 0 1 2 0 1
cob=(7)
cfi=(206)
cfn=(1894)
calls=3 0 
0 33 12 6 3 0 0 2
cob=(1)
cfi=(207)
cfn=(714)
calls=1 39 
0 856 270 132 0 9 0 0 1
0 5 2 2 1 0 0 1

fn=(1740)
0 160 80 0 4 2 0 1
cob=(2)
cfi=(266)
cfn=(1744)
calls=80 102 
0 115126 24856 17314 325 44 33 134 17
cob=(1)
cfi=(207)
cfn=(714)
calls=1 39 
0 800 278 141 0 13 5 0 8
0 5 2 2 1

fn=(2008)
0 4 2 0 1 1 0 1
cob=(7)
cfi=(206)
cfn=(2012)
calls=2 0 
0 1632 589 293 8 46 0 8 3
cob=(1)
cfi=(207)
cfn=(714)
calls=1 39 
0 720 248 132 0 8 2 0 2
0 5 2 2 1 0 0 1

fn=(2048)
0 4 1 0 1 0 0 1

fn=(2096)
0 4 1 0 1 0 0 1

fn=(1370)
0 7 2 0 1 0 0 1

fn=(738)
0 2 1 0 1 1 0 1
cob=(7)
cfi=(206)
cfn=(742)
calls=1 0 
0 71155 21103 9379 337 429 100 334 91 94
cob=(1)
cfi=(207)
cfn=(714)
calls=1 39 
0 700 245 132 0 6 1 0 1
0 5 2 2 1 0 0 1

fn=(768)
0 188 94 0 2 3 0 1
cob=(2)
cfi=(210)
cfn=(772)
calls=94 136 
0 2497 796 312 21 24 3 20 8
cob=(1)
cfi=(207)
cfn=(714)
calls=1 39 
0 921 320 152 0 15 0 0 7
0 5 2 2 1 0 0 1

fn=(816)
0 2 1 0 1 1 0 1
cob=(7)
cfi=(206)
cfn=(820)
calls=1 0 
0 416 136 74 7 6 0 7 3
cob=(1)
cfi=(207)
cfn=(714)
calls=1 39 
0 1022 294 132 0 10 0 0 1
0 5 2 2 1 0 0 1

fn=(912)
0 2 1 0 1 1 0 1
cob=(7)
cfi=(206)
cfn=(916)
calls=1 0 
0 350 72 73 5 0 3 5 0 3
cob=(1)
cfi=(207)
cfn=(714)
calls=1 39 
0 998 291 132 0 8 0 0 1
0 5 2 2 1 0 0 1

fn=(936)
0 2 1 0 1 1 0 1
cob=(7)
cfi=(206)
cfn=(940)
calls=1 0 
0 152 38 33 14 3 0 14
cob=(1)
cfi=(207)
cfn=(714)
calls=1 39 
0 1053 305 139 0 7 0 0 2
0 5 2 2 1 0 0 1

fn=(1004)
0 2 1 0 1 1 0 1
cob=(7)
cfi=(206)
cfn=(1008)
calls=1 0 
0 47 13 10 2 0 1 2 0 1
cob=(1)
cfi=(207)
cfn=(714)
calls=1 39 
0 711 247 132 0 6 0 0 1
0 5 2 2 1 0 0 1

fn=(1046)
0 2 1 0 1 1 0 1
cob=(7)
cfi=(206)
cfn=(1050)
calls=1 0 
0 104 26 28 6 0 0 6
cob=(1)
cfi=(207)
cfn=(714)
calls=1 39 
0 1008 296 132 0 8 0 0 1
0 5 2 2 1 0 0 1

fn=(1140)
0 2 1 0 1 1 0 1
cob=(7)
cfi=(206)
cfn=(1144)
calls=1 0 
0 1628 326 183 20 14 0 16 7
cob=(1)
cfi=(207)
cfn=(714)
calls=1 39 
0 776 257 132 0 10
0 5 2 2 1 0 0 1

fn=(1156)
0 8 4 0 1 1 0 1
cob=(7)
cfi=(206)
cfn=(1160)
calls=4 0 
0 224 100 36 3 0 0 3
cob=(1)
cfi=(207)
cfn=(714)
calls=1 39 
0 983 292 132 0 8 0 0 2
0 5 2 2 1 0 0 1

fn=(1210)
0 2 1 0 1 1 0 1
cob=(2)
cfi=(223)
cfn=(1214)
calls=1 28 
0 327 117 9 9 24 0 9 2
cob=(1)
cfi=(207)
cfn=(714)
calls=1 39 
0 828 293 148 0 16 0 0 4
0 5 2 2 1 0 0 1

fn=(1228)
0 35088 17544 0 3 79 0 1
cob=(2)
cfi=(195)
cfn=(1232)
calls=17544 3283 
0 2571275 443112 300858 131 692 16528 74 5 1381
cob=(1)
cfi=(207)
cfn=(714)
calls=1 39 
0 888 290 148 0 11 0 0 1
0 5 2 2 1 0 0 1

fn=(1398)
0 35086 17543 0 3 78
cob=(7)
cfi=(206)
cfn=(1402)
calls=17543 0 
0 2886686 513208 353442 94 764 16527 30 3 1379
cob=(1)
cfi=(207)
cfn=(714)
calls=1 39 
0 653 240 139 0 7
0 5 2 2 1

fn=(1454)
0 8 4 0 1 2 0 1
cob=(2)
cfi=(195)
cfn=(1232)
calls=4 3283 
0 719 147 86 6 13 3 0 1 1

fn=(1530)
0 35086 17543 0 1 40 0 1
cob=(2)
cfi=(195)
cfn=(1534)
calls=17543 3319 
0 2948514 884464 502389 50 15246 107 29 1 12
cob=(1)
cfi=(207)
cfn=(714)
calls=1 39 
0 888 290 148 0 34
0 5 2 2 1 0 0 1

fn=(1624)
0 6 3
cob=(2)
cfi=(260)
cfn=(1628)
calls=3 85 
0 1878 426 399 93 29 18 43 4
cob=(1)
cfi=(207)
cfn=(714)
calls=1 39 
0 800 277 141 0 13 3 0 2
0 5 2 2

fn=(1810)
0 6 3 0 2 2 0 1
cob=(7)
cfi=(206)
cfn=(1814)
calls=3 0 
0 3543 1191 621 45 42 0 15 11
cob=(1)
cfi=(207)
cfn=(714)
calls=1 39 
0 991 294 132 0 7 0 0 3
0 5 2 2 1 0 0 1

fn=(1822)
0 6 3 0 2 2 0 1
cob=(7)
cfi=(206)
cfn=(1826)
calls=3 0 
0 812 292 143 11 9 0 5 2
cob=(1)
cfi=(207)
cfn=(714)
calls=1 39 
0 748 252 132 0 7 0 0 2
0 5 2 2 1 0 0 1

fn=(1828)
0 6 3 0 3 2 0 1
cob=(2)
cfi=(284)
cfn=(1832)
calls=3 32 
0 21 9 0 4 0 0 2
cob=(1)
cfi=(207)
cfn=(714)
calls=1 39 
0 771 275 141 0 7 0 0 2
0 5 2 2 1 0 0 1

fn=(702)
0 7 2 0 1 1 0 1

fn=(708)
0 2 1 0 1 1 0 1
cob=(7)
cfi=(206)
cfn=(720)
calls=1 0 
0 85035 25323 11850 433 551 153 426 116 122
cob=(1)
cfi=(207)
cfn=(714)
calls=1 39 
0 716 247 132 11 10 8 11
0 5 2 2 1 1 0 1

fn=(1654)
0 6 3 0 3 2 0 1
cob=(7)
cfi=(206)
cfn=(1658)
calls=3 0 
0 540 105 75 11 4 2 3
cob=(1)
cfi=(207)
cfn=(714)
calls=1 39 
0 999 296 132 0 8 0 0 2
0 5 2 2 1 0 0 1

fn=(1942)
0 2 1 0 1
cob=(2)
cfi=(295)
cfn=(1944)
calls=1 45 
0 95 22 12 8 4 1 8 1 1

fn=(2068)
0 2 1 0 1 0 0 1
cob=(2)
cfi=(295)
cfn=(1944)
calls=1 45 
0 95 22 12

fn=(722)
0 68 34 0 4 3 0 1
cob=(7)
cfi=(206)
cfn=(726)
calls=34 0 
0 73472 21912 9822 353 449 106 344 94 95
cob=(1)
cfi=(207)
cfn=(714)
calls=1 39 
0 672 240 132 0 9 3 0 2 1
0 5 2 2 1 0 0 1

fn=(750)
0 14 7 0 1 0 0 1
cob=(7)
cfi=(206)
cfn=(754)
calls=7 0 
0 21 7 0 1 0 0 1
cob=(1)
cfi=(207)
cfn=(714)
calls=1 39 
0 788 259 132 0 10 0 0 2
0 5 2 2 1 0 0 1

fn=(840)
0 2 1 0 1 1 0 1
cob=(7)
cfi=(206)
cfn=(844)
calls=1 0 
0 156 38 34 13 3 0 13
cob=(1)
cfi=(207)
cfn=(714)
calls=1 39 
0 960 288 132 0 9 0 0 2
0 5 2 2 1 0 0 1

fn=(858)
0 2 1 0 1 1 0 1
cob=(7)
cfi=(206)
cfn=(862)
calls=1 0 
0 23724 6714 3255 44 76 20 42 22 20
cob=(1)
cfi=(207)
cfn=(714)
calls=1 39 
0 792 260 132 0 5
0 5 2 2 1 0 0 1

fn=(898)
0 298 149 0 3 3 0 1
cob=(2)
cfi=(220)
cfn=(900)
calls=149 52 
0 2086 298 0 4 8 0 1 7

fn=(918)
0 2 1 0 1 1 0 1
cob=(7)
cfi=(206)
cfn=(922)
calls=1 0 
0 104 26 28 6 0 0 6
cob=(1)
cfi=(207)
cfn=(714)
calls=1 39 
0 1102 307 132 0 9 0 0 3
0 5 2 2 1 0 0 1

fn=(1166)
0 8 4 0 1 1 0 1
cob=(2)
cfi=(222)
cfn=(1170)
calls=4 67 
0 289 52 61 7 2 3 7 1 1
cob=(1)
cfi=(207)
cfn=(714)
calls=1 39 
0 955 300 148 2 15 0 0 5
0 5 2 2 1 0 0 1

fn=(1394)
0 35046 17523 0 2 39 0 1
cob=(7)
cfi=(206)
cfn=(1396)
calls=17523 0 
0 2954922 530519 353265 83 823 16508 28 3 1378

fn=(1660)
0 6 3 0 3 2 0 1
cob=(7)
cfi=(206)
cfn=(1396)
calls=3 0 
0 483 84 60 4 2 2

fn=(1748)
0 320 160 0 1 2 0 1
cob=(2)
cfi=(264)
cfn=(1750)
calls=160 53 
0 3040 320 0 5 0 0 2

fn=(1794)
0 160 80 0 2 2 0 1
cob=(2)
cfi=(283)
cfn=(1798)
calls=80 61 
0 1520 160 0 4 0 0 2
cob=(1)
cfi=(207)
cfn=(714)
calls=1 39 
0 830 283 144 3 10 0 0 7
0 5 2 2 1 0 0 1

fn=(1834)
0 6 3 0 3 2
cob=(2)
cfi=(247)
cfn=(1462)
calls=3 25 
0 87 24 12 5
cob=(1)
cfi=(207)
cfn=(714)
calls=1 39 
0 871 289 148 4 12 0 0 5
0 5 2 2 1

fn=(1876)
0 6 3 0 3 2
cob=(2)
cfi=(195)
cfn=(1534)
calls=3 3319 
0 459 126 75 3 4

fn=(1662)
0 6 3 0 2 0 0 1
cob=(7)
cfi=(206)
cfn=(1664)
calls=3 0 
0 27 9 3 2 0 0 1

fn=(1968)
0 2 1 0 1
cob=(2)
cfi=(295)
cfn=(1944)
calls=1 45 
0 95 22 12

fn=(2020)
0 4 2 0 1 1 0 1
cob=(1)
cfi=(298)
cfn=(2024)
calls=2 29 
0 24 14 0 2 3 0 2
cob=(1)
cfi=(207)
cfn=(714)
calls=1 39 
0 868 315 149 0 32 0 0 1
0 5 2 2 1 0 0 1

fn=(2032)
0 6 3 0 1 0 0 1
cob=(7)
cfi=(206)
cfn=(2036)
calls=3 0 
0 194 74 33 3 1 0 3
cob=(1)
cfi=(207)
cfn=(714)
calls=1 39 
0 915 281 132 0 9 0 0 2
0 5 2 2

fn=(2033)
0 2 1
cob=(7)
cfi=(206)
cfn=(2037)
calls=1 0 
0 15 5 3

fn=(788)
0 2 1 0 1 1 0 1
cob=(2)
cfi=(212)
cfn=(792)
calls=1 43 
0 38 12 7 5 0 0 5
cob=(1)
cfi=(207)
cfn=(714)
calls=1 39 
0 820 281 141 0 10 1 0 4
0 5 2 2 1 0 0 1

fn=(924)
0 2 1 0 1 1 0 1
cob=(7)
cfi=(206)
cfn=(928)
calls=1 0 
0 104 26 28 6 0 0 6
cob=(1)
cfi=(207)
cfn=(714)
calls=1 39 
0 1070 303 132 0 6
0 5 2 2 1 0 0 1

fn=(930)
0 2 1
cob=(7)
cfi=(206)
cfn=(934)
calls=1 0 
0 1240 352 183 18 12 1 18 2 1
cob=(1)
cfi=(207)
cfn=(714)
calls=1 39 
0 883 276 132 0 6 0 0 1
0 5 2 2

fn=(950)
0 2 1 0 1 0 0 1
cob=(7)
cfi=(206)
cfn=(954)
calls=1 0 
0 416 136 74 5 0 0 5
cob=(1)
cfi=(207)
cfn=(714)
calls=1 39 
0 928 283 132 0 9 0 0 2
0 5 2 2 1 0 0 1

fn=(1146)
0 2 1 0 1 1 0 1
cob=(2)
cfi=(221)
cfn=(904)
calls=1 73 
0 47 17 0 3 0 0 3
cob=(1)
cfi=(207)
cfn=(714)
calls=1 39 
0 830 280 144 4 11 0 0 6
0 5 2 2 1 0 0 1

fn=(1472)
0 28 14 0 3 3 0 1
cob=(2)
cfi=(249)
cfn=(1476)
calls=14 32 
0 966 336 154 25 8 0 9 2
cob=(1)
cfi=(207)
cfn=(714)
calls=1 39 
0 803 276 141 2 12 0 0 4
0 5 2 2 1 0 0 1

fn=(1592)
0 848 424 0 2 2 0 1
cob=(2)
cfi=(239)
cfn=(1416)
calls=424 255 
0 6313 1139 715 1 11 20 1 6
cob=(1)
cfi=(207)
cfn=(714)
calls=1 39 
0 1013 329 162 7 37 0 0 1
0 5 2 2

fn=(1602)
0 6 3 0 3 0 0 1
cob=(7)
cfi=(206)
cfn=(1604)
calls=3 0 
0 6293 1734 1101 127 77 23 58 12

fn=(1722)
0 160 80 0 3 2 0 1
cob=(7)
cfi=(206)
cfn=(1726)
calls=80 0 
0 155727 35618 24937 407 91 50 163 34
cob=(1)
cfi=(207)
cfn=(714)
calls=1 39 
0 1199 329 132 0 8 0 0 1
0 5 2 2 1 0 0 1

fn=(1784)
0 160 80 0 3 0 0 1
cob=(2)
cfi=(239)
cfn=(1416)
calls=80 255 
0 1076 240 160

fn=(1846)
0 12 6 0 2 2 0 1
cob=(7)
cfi=(206)
cfn=(1850)
calls=6 0 
0 2339 727 416 119 26 0 40 3
cob=(1)
cfi=(207)
cfn=(714)
calls=1 39 
0 764 255 132 0 8 0 0 1
0 5 2 2 1 0 0 1

fn=(1886)
0 6 3 0 2
cob=(7)
cfi=(206)
cfn=(1888)
calls=3 0 
0 1833 589 298 13 20 0 8 2

fn=(2004)
0 6 3 0 1 1 0 1
cob=(7)
cfi=(206)
cfn=(1468)
calls=3 0 
0 2965 1076 524 27 75 2 10 6
cob=(1)
cfi=(207)
cfn=(714)
calls=1 39 
0 687 242 132 1 9
0 5 2 2 1 0 0 1

fn=(2005)
0 2 1
cob=(7)
cfi=(206)
cfn=(1469)
calls=1 0 
0 131 52 20

fn=(2086)
0 2 1 0 1 0 0 1
cob=(2)
cfi=(295)
cfn=(1944)
calls=1 45 
0 95 22 12

fn=(762)
0 188 94 0 2 3 0 1
cob=(7)
cfi=(206)
cfn=(766)
calls=94 0 
0 4739 1494 654 31 42 3 24 15
cob=(1)
cfi=(207)
cfn=(714)
calls=1 39 
0 824 264 132 0 6 1 0 1
0 5 2 2 1 0 0 1

fn=(690)
0 7 2 0 1 1 0 1

fn=(680)
0 7 2 0 1 1 0 1

fn=(804)
0 662 331 0 2 3 0 1
cob=(7)
cfi=(206)
cfn=(808)
calls=331 0 
0 2418 806 96 2 14 0 2 7
cob=(1)
cfi=(207)
cfn=(714)
calls=1 39 
0 712 247 132 0 3 0 0 1
0 5 2 2 1 0 0 1

fn=(810)
0 2 1 0 1 1 0 1
cob=(7)
cfi=(206)
cfn=(814)
calls=1 0 
0 40 11 8 2 1 1 2 0 1
cob=(1)
cfi=(207)
cfn=(714)
calls=1 39 
0 780 258 132 0 7 0 0 2
0 5 2 2 1 0 0 1

fn=(834)
0 2 1 0 1 1 0 1
cob=(7)
cfi=(206)
cfn=(838)
calls=1 0 
0 1151 335 177 17 14 0 17 2
cob=(1)
cfi=(207)
cfn=(714)
calls=1 39 
0 875 275 132 0 8
0 5 2 2 1 0 0 1

fn=(1070)
0 2 1 0 1 1 0 1
cob=(7)
cfi=(206)
cfn=(1074)
calls=1 0 
0 47 13 10 2 0 0 2
cob=(1)
cfi=(207)
cfn=(714)
calls=1 39 
0 711 247 132 0 8 0 0 3
0 5 2 2 1 0 0 1

fn=(1410)
0 10 5 0 1 2 0 1
cob=(7)
cfi=(206)
cfn=(1412)
calls=5 0 
0 875 140 83 7 15 4 1 0 1

fn=(1466)
0 8 4 0 1 1
cob=(7)
cfi=(206)
cfn=(1468)
calls=4 0 
0 1332 486 223 33 18 0 17 5

fn=(1564)
0 12 6
cob=(7)
cfi=(206)
cfn=(1114)
calls=6 0 
0 1014 366 204 24 30 2

fn=(1612)
0 6 3 0 3 2 0 1
cob=(7)
cfi=(206)
cfn=(1616)
calls=3 0 
0 2833 738 569 98 44 21 45 7
cob=(1)
cfi=(207)
cfn=(714)
calls=1 39 
0 872 273 132 0 8 0 0 2
0 5 2 2 1 0 0 1

fn=(658)
0 7 2 0 1 1 0 1

fn=(1676)
0 644 322 0 1 2
cob=(7)
cfi=(206)
cfn=(1680)
calls=322 0 
0 18697 4113 3120 26 11 19 12 6
cob=(1)
cfi=(207)
cfn=(714)
calls=1 39 
0 907 280 132 0 8
0 5 2 2 1

fn=(1918)
0 2 1 0 1 0 0 1
cob=(7)
cfi=(206)
cfn=(1920)
calls=1 0 
0 46 12 4

fn=(1958)
0 4 1

fn=(1986)
0 2 1
cob=(2)
cfi=(295)
cfn=(1944)
calls=1 45 
0 7168 2485 1214 90 151 7 31 11

fn=(906)
0 2 1
cob=(7)
cfi=(206)
cfn=(910)
calls=1 0 
0 40 11 8 2 0 2 2 0 2
cob=(1)
cfi=(207)
cfn=(714)
calls=1 39 
0 780 258 132 0 6 0 0 1
0 5 2 2

fn=(1016)
0 2 1 0 1 0 0 1
cob=(7)
cfi=(206)
cfn=(1020)
calls=1 0 
0 350 72 73 5 0 0 5
cob=(1)
cfi=(207)
cfn=(714)
calls=1 39 
0 936 284 132 0 6
0 5 2 2 1 0 0 1

fn=(1510)
0 160 80 0 0 80
cob=(2)
cfi=(255)
cfn=(1512)
calls=80 25 
0 2800 800 240 8 169 0 4

fn=(1524)
0 35086 17543 0 1 40 0 1
cob=(7)
cfi=(206)
cfn=(1528)
calls=17543 0 
0 3019579 902299 502539 53 15320 107 32 1 12
cob=(1)
cfi=(207)
cfn=(714)
calls=1 39 
0 604 229 132 0 37 24 0 1
0 5 2 2 1 1

fn=(1666)
0 24 12
cob=(7)
cfi=(206)
cfn=(1668)
calls=12 0 
0 492 132 48

fn=(1896)
0 6 3 0 3 2
cob=(7)
cfi=(206)
cfn=(1900)
calls=3 0 
0 39 12 9
cob=(1)
cfi=(207)
cfn=(714)
calls=1 39 
0 796 261 132 0 7 0 0 1
0 5 2 2 1 0 0 1

fn=(1728)
0 160 80 0 3 2 0 1
cob=(7)
cfi=(206)
cfn=(1732)
calls=80 0 
0 2560 160 320 8 0 0 4
cob=(1)
cfi=(207)
cfn=(714)
calls=1 39 
0 884 275 132 0 4 3 0 2
0 5 2 2 1 0 0 1

totals: 1524032869 584972321 116022068 3485 18888929 387001 2545 7666 25340
